Tiempo,Temperatura (°C),Potencia Luz (%),Potencia Luz Aplicada (%),Velocidad Ventilador (RPM),Potencia Ventilador (%)
0.18,22.38,0,,0.0,0
0.489,22.43,0,,0.0,0
0.802,22.42,0,,0.0,0
1.113,22.42,0,,0.0,0
1.428,22.3,0,,0.0,0
1.739,22.27,0,,0.0,0
2.051,22.23,0,,0.0,0
2.052,22.2,0,,0.0,0
2.363,22.28,0,,0.0,0
2.674,22.15,0,,0.0,0
2.988,22.13,0,,0.0,0
3.301,22.18,0,,0.0,0
3.615,22.13,0,,0.0,0
3.926,22.28,0,,0.0,0
4.24,22.28,0,,0.0,0
4.551,22.23,0,,0.0,0
4.862,22.23,0,,0.0,0
5.172,22.15,0,,0.0,0
5.487,22.12,0,,0.0,0
5.8,22.23,0,,0.0,0
6.116,22.32,0,,0.0,0
6.427,22.33,0,,0.0,0
6.737,22.43,0,,0.0,0
7.049,22.3,0,,0.0,0
7.362,22.22,0,,0.0,0
7.679,22.2,0,,0.0,0
7.993,22.17,0,,0.0,0
8.306,22.08,0,,0.0,0
8.617,22.17,0,,0.0,0
8.928,22.23,0,,0.0,0
9.24,22.32,0,,0.0,0
9.55,22.37,0,,0.0,0
9.862,22.28,0,,0.0,0
10.172,22.32,0,,0.0,0
10.177,22.32,0,,0.0,0
10.482,22.37,0,,0.0,0
10.791,22.38,0,,0.0,0
11.106,22.4,0,,0.0,0
11.419,22.33,0,,0.0,0
11.73,22.35,0,,0.0,0
12.044,22.32,0,,0.0,0
12.357,22.23,0,,0.0,0
12.669,22.3,0,,0.0,0
12.982,22.27,0,,0.0,0
13.292,22.23,0,,0.0,0
13.604,22.38,0,,0.0,0
13.917,22.1,0,,0.0,0
14.229,22.15,0,,0.0,0
14.555,22.18,0,,0.0,0
14.864,22.1,0,,0.0,0
15.175,22.38,0,,0.0,0
15.488,22.23,0,,0.0,0
15.801,22.3,0,,0.0,0
16.113,22.3,0,,0.0,0
16.424,22.22,0,,0.0,0
16.737,22.27,0,,0.0,0
17.049,22.23,0,,0.0,0
17.36,22.25,0,,0.0,0
17.672,22.33,0,,0.0,0
17.984,22.32,0,,0.0,0
18.294,22.35,0,,0.0,0
18.605,22.5,0,,0.0,0
18.606,22.53,0,,0.0,0
18.93,22.5,0,,0.0,0
19.244,22.55,0,,0.0,0
19.557,22.37,0,,0.0,0
19.883,22.25,0,,0.0,0
20.195,22.28,0,,0.0,0
20.506,22.22,0,,0.0,0
20.819,22.25,0,,0.0,0
21.13,22.23,0,,0.0,0
21.441,22.2,0,,0.0,0
21.752,22.12,0,,0.0,0
22.065,22.12,0,,0.0,0
22.377,22.23,0,,0.0,0
22.691,22.18,0,,0.0,0
23.003,22.32,0,,0.0,0
23.313,22.42,0,,0.0,0
23.626,22.33,0,,0.0,0
23.941,22.45,0,,0.0,0
24.256,22.42,0,,0.0,0
24.572,22.37,0,,0.0,0
24.885,22.43,0,,0.0,0
25.211,22.45,0,,0.0,0
25.525,22.5,0,,0.0,0
25.835,22.48,0,,0.0,0
25.836,22.57,0,,0.0,0
26.147,22.33,0,,0.0,0
26.456,22.22,0,,0.0,0
26.767,22.18,0,,0.0,0
27.078,22.17,0,,0.0,0
27.387,22.15,0,,0.0,0
27.701,22.25,0,,0.0,0
28.014,22.23,0,,0.0,0
28.325,22.23,0,,0.0,0
28.649,22.17,0,,0.0,0
28.962,22.27,0,,0.0,0
29.27,22.32,0,,0.0,0
29.58,22.28,0,,0.0,0
29.894,22.35,0,,0.0,0
30.206,22.27,0,,0.0,0
30.518,22.27,0,,0.0,0
30.831,22.33,0,,0.0,0
31.143,22.35,0,,0.0,0
31.453,22.27,0,,0.0,0
31.763,22.38,0,,0.0,0
32.074,22.43,0,,0.0,0
32.4,22.5,0,,0.0,0
32.709,22.6,0,,0.0,0
33.019,22.33,0,,0.0,0
33.329,22.38,0,,0.0,0
33.639,22.22,0,,0.0,0
33.95,22.2,0,,0.0,0
34.261,22.2,0,,0.0,0
34.262,22.02,0,,0.0,0
34.587,22.08,0,,0.0,0
34.897,21.98,0,,0.0,0
35.209,22.08,0,,0.0,0
35.521,22.2,0,,0.0,0
35.831,22.22,0,,0.0,0
36.142,22.45,0,,0.0,0
36.453,22.33,0,,0.0,0
36.766,22.25,0,,0.0,0
37.08,22.22,0,,0.0,0
37.393,22.08,0,,0.0,0
37.705,22.32,0,,0.0,0
38.018,22.43,0,,0.0,0
38.329,22.37,0,,0.0,0
38.641,22.35,0,,0.0,0
38.952,22.3,0,,0.0,0
39.262,22.35,0,,0.0,0
39.574,22.4,0,,0.0,0
39.885,22.42,0,,0.0,0
40.197,22.48,0,,0.0,0
40.511,22.48,0,,0.0,0
40.836,22.42,0,,0.0,0
41.15,22.33,0,,0.0,0
41.474,22.32,0,,0.0,0
41.784,22.25,0,,0.0,0
41.785,22.27,0,,0.0,0
42.093,22.3,0,,0.0,0
42.406,22.37,0,,0.0,0
42.716,22.37,0,,0.0,0
43.026,22.43,0,,0.0,0
43.339,22.52,0,,0.0,0
43.651,22.77,0,,0.0,0
43.964,22.55,0,,0.0,0
44.288,22.5,0,,0.0,0
44.602,22.37,0,,0.0,0
44.915,22.17,0,,0.0,0
45.227,22.28,0,,0.0,0
45.537,22.43,0,,0.0,0
45.854,22.53,0,,0.0,0
46.171,22.42,0,,0.0,0
46.486,22.37,0,,0.0,0
46.801,22.3,0,,0.0,0
47.117,22.28,0,,0.0,0
47.431,22.32,0,,0.0,0
47.745,22.27,0,,0.0,0
48.062,22.27,0,,0.0,0
48.378,22.22,0,,0.0,0
48.695,22.27,0,,0.0,0
48.995,22.4,0,,0.0,0
49.311,22.43,0,,0.0,0
49.312,22.38,0,,0.0,0
49.628,22.27,0,,0.0,0
49.943,22.15,0,,0.0,0
50.258,22.1,0,,0.0,0
50.571,22.17,0,,0.0,0
50.877,22.27,0,,0.0,0
51.186,22.37,0,,0.0,0
51.497,22.37,0,,0.0,0
51.815,22.4,0,,0.0,0
52.131,22.33,0,,0.0,0
52.447,22.18,0,,0.0,0
52.747,22.27,0,,0.0,0
53.061,22.07,0,,0.0,0
53.376,22.03,0,,0.0,0
53.691,22.12,0,,0.0,0
54.008,22.1,0,,0.0,0
54.324,22.35,0,,0.0,0
54.639,22.38,0,,0.0,0
54.949,22.37,0,,0.0,0
55.273,22.32,0,,0.0,0
55.574,22.18,0,,0.0,0
55.888,22.13,0,,0.0,0
56.204,22.13,0,,0.0,0
56.52,22.1,0,,0.0,0
56.837,22.27,0,,0.0,0
56.838,22.28,0,,0.0,0
57.135,22.45,0,,0.0,0
57.451,22.47,0,,0.0,0
57.766,22.37,0,,0.0,0
58.078,22.32,0,,0.0,0
58.393,22.3,0,,0.0,0
58.706,22.27,0,,0.0,0
59.019,22.18,0,,0.0,0
59.331,22.28,0,,0.0,0
59.64,22.25,0,,0.0,0
59.95,22.18,0,,0.0,0
60.263,22.28,0,,0.0,0
60.576,22.2,0,,0.0,0
60.89,22.27,0,,0.0,0
61.201,22.43,0,,0.0,0
61.525,22.47,0,,0.0,0
61.85,22.52,0,,0.0,0
62.164,22.48,0,,0.0,0
62.468,22.48,0,,0.0,0
62.779,22.42,0,,0.0,0
63.095,22.4,0,,0.0,0
63.411,22.3,0,,0.0,0
63.728,22.28,0,,0.0,0
64.027,22.3,0,,0.0,0
64.344,22.28,0,,0.0,0
64.66,22.4,0,,0.0,0
64.661,22.3,0,,0.0,0
64.978,22.28,0,,0.0,0
65.278,22.08,0,,0.0,0
65.594,21.97,0,,0.0,0
65.912,22.17,0,,0.0,0
66.229,22.15,0,,0.0,0
66.544,22.38,0,,0.0,0
66.859,22.33,0,,0.0,0
67.172,22.25,0,,0.0,0
67.479,22.4,0,,0.0,0
67.795,22.4,0,,0.0,0
68.106,22.48,0,,0.0,0
68.431,22.3,0,,0.0,0
68.742,22.23,0,,0.0,0
69.053,22.42,0,,0.0,0
69.366,22.48,0,,0.0,0
69.678,22.52,0,,0.0,0
69.987,22.48,0,,0.0,0
70.3,22.5,0,,0.0,0
70.612,22.22,0,,0.0,0
70.925,22.15,0,,0.0,0
71.238,22.02,0,,0.0,0
71.549,21.8,0,,0.0,0
71.859,21.88,0,,0.0,0
72.173,22.0,0,,0.0,0
72.484,22.15,0,,0.0,0
72.796,22.3,0,,0.0,0
72.797,22.25,0,,0.0,0
73.108,22.33,0,,0.0,0
73.421,22.55,0,,0.0,0
73.732,22.48,0,,0.0,0
74.056,22.6,0,,0.0,0
74.368,22.53,0,,0.0,0
74.667,22.35,0,,0.0,0
74.991,22.35,0,,0.0,0
75.304,22.33,0,,0.0,0
75.605,22.32,0,,0.0,0
75.917,22.38,0,,0.0,0
76.243,22.37,0,,0.0,0
76.553,22.27,0,,0.0,0
76.864,22.27,0,,0.0,0
77.176,22.28,0,,0.0,0
77.486,22.3,0,,0.0,0
77.8,22.43,0,,0.0,0
78.113,22.68,0,,0.0,0
78.423,22.82,0,,0.0,0
78.737,22.75,0,,0.0,0
79.046,22.68,0,,0.0,0
79.357,22.5,0,,0.0,0
79.669,22.17,0,,0.0,0
79.994,22.23,0,,0.0,0
80.304,22.22,0,,0.0,0
80.616,22.2,0,,0.0,0
80.616,22.4,0,,0.0,0
80.929,22.35,0,,0.0,0
81.24,22.43,0,,0.0,0
81.553,22.47,0,,0.0,0
81.868,22.43,0,,0.0,0
82.181,22.4,0,,0.0,0
82.492,22.32,0,,0.0,0
82.802,22.27,0,,0.0,0
83.113,22.3,0,,0.0,0
83.424,22.28,0,,0.0,0
83.736,22.32,0,,0.0,0
84.048,22.35,0,,0.0,0
84.361,22.33,0,,0.0,0
84.673,22.28,0,,0.0,0
84.985,22.22,0,,0.0,0
85.295,22.15,0,,0.0,0
85.604,22.15,0,,0.0,0
85.93,22.22,0,,0.0,0
86.23,22.28,0,,0.0,0
86.547,22.35,0,,0.0,0
86.862,22.63,0,,0.0,0
87.176,22.57,0,,0.0,0
87.49,22.6,0,,0.0,0
87.801,22.75,0,,0.0,0
88.111,22.43,0,,0.0,0
88.426,22.35,0,,0.0,0
88.743,22.2,0,,0.0,0
88.744,21.78,0,,0.0,0
89.045,22.22,0,,0.0,0
89.36,22.22,0,,0.0,0
89.675,22.17,0,,0.0,0
89.988,22.52,0,,0.0,0
90.305,22.3,0,,0.0,0
90.62,22.2,0,,0.0,0
90.935,22.2,0,,0.0,0
91.252,22.13,0,,0.0,0
91.567,22.2,0,,0.0,0
91.882,22.32,0,,0.0,0
92.197,22.42,0,,0.0,0
92.496,22.37,0,,0.0,0
92.809,22.4,0,,0.0,0
93.125,22.3,0,,0.0,0
93.44,22.2,0,,0.0,0
93.754,22.13,0,,0.0,0
94.069,22.22,0,,0.0,0
94.385,22.35,0,,0.0,0
94.7,22.43,0,,0.0,0
95.016,22.63,0,,0.0,0
95.33,22.58,0,,0.0,0
95.646,22.27,0,,0.0,0
95.949,22.22,0,,0.0,0
96.263,22.13,0,,0.0,0
96.578,22.12,0,,0.0,0
96.579,22.32,0,,0.0,0
96.896,22.38,0,,0.0,0
97.21,22.32,0,,0.0,0
97.522,22.38,0,,0.0,0
97.837,22.45,0,,0.0,0
98.137,22.43,0,,0.0,0
98.453,22.42,0,,0.0,0
98.767,22.42,0,,0.0,0
99.083,22.18,0,,0.0,0
99.398,22.45,0,,0.0,0
99.714,22.35,0,,0.0,0
100.04,22.75,0,,0.0,0
100.338,22.67,0,,0.0,0
100.655,22.3,0,,0.0,0
100.963,22.25,0,,0.0,0
101.286,22.15,0,,0.0,0
101.599,22.27,0,,0.0,0
101.915,22.43,0,,0.0,0
102.228,22.42,0,,0.0,0
102.542,22.42,0,,0.0,0
102.868,22.43,0,,0.0,0
103.18,22.33,0,,0.0,0
103.491,22.45,0,,0.0,0
103.495,22.42,0,,0.0,0
103.803,22.42,0,,0.0,0
104.119,22.35,0,,0.0,0
104.432,22.37,0,,0.0,0
104.746,22.4,0,,0.0,0
105.061,22.45,0,,0.0,0
105.376,22.5,0,,0.0,0
105.691,22.55,0,,0.0,0
106.005,22.58,0,,0.0,0
106.319,22.53,0,,0.0,0
106.634,22.48,0,,0.0,0
106.935,22.37,0,,0.0,0
107.247,22.4,0,,0.0,0
107.561,22.32,0,,0.0,0
107.88,22.28,0,,0.0,0
108.182,22.32,0,,0.0,0
108.51,22.2,0,,0.0,0
108.824,22.47,0,,0.0,0
109.137,22.62,0,,0.0,0
109.452,22.63,0,,0.0,0
109.766,22.68,0,,0.0,0
110.08,22.52,0,,0.0,0
110.393,22.33,0,,0.0,0
110.707,22.3,0,,0.0,0
111.022,22.5,0,,0.0,0
111.023,22.45,0,,0.0,0
111.335,22.45,0,,0.0,0
111.65,22.38,0,,0.0,0
111.949,22.13,0,,0.0,0
112.263,22.22,0,,0.0,0
112.578,22.2,0,,0.0,0
112.892,22.28,0,,0.0,0
113.206,22.4,0,,0.0,0
113.52,22.3,0,,0.0,0
113.83,22.3,0,,0.0,0
114.143,22.28,0,,0.0,0
114.457,22.3,0,,0.0,0
114.766,22.25,0,,0.0,0
115.076,22.2,0,,0.0,0
115.391,22.27,0,,0.0,0
115.704,22.25,0,,0.0,0
116.014,22.33,0,,0.0,0
116.333,22.48,0,,0.0,0
116.645,22.45,0,,0.0,0
116.96,22.55,0,,0.0,0
117.275,22.48,0,,0.0,0
117.588,22.45,0,,0.0,0
117.905,22.43,0,,0.0,0
118.217,22.25,0,,0.0,0
118.535,22.3,0,,0.0,0
118.849,22.22,0,,0.0,0
118.85,22.13,0,,0.0,0
119.164,22.22,0,,0.0,0
119.464,22.08,0,,0.0,0
119.78,22.13,0,,0.0,0
120.095,22.12,0,,0.0,0
120.41,22.08,0,,0.0,0
120.725,22.02,0,,0.0,0
121.04,21.93,0,,0.0,0
121.338,22.07,0,,0.0,0
121.652,22.2,0,,0.0,0
121.965,22.22,0,,0.0,0
122.277,22.48,0,,0.0,0
122.588,22.48,0,,0.0,0
122.914,22.47,0,,0.0,0
123.22,22.52,0,,0.0,0
123.539,22.45,0,,0.0,0
123.854,22.48,0,,0.0,0
124.17,22.45,0,,0.0,0
124.487,22.42,0,,0.0,0
124.802,22.37,0,,0.0,0
125.117,22.27,0,,0.0,0
125.423,22.22,0,,0.0,0
125.743,22.15,0,,0.0,0
126.057,22.2,0,,0.0,0
126.371,22.22,0,,0.0,0
126.372,22.25,0,,0.0,0
126.686,22.3,0,,0.0,0
127.001,22.2,0,,0.0,0
127.316,22.3,0,,0.0,0
127.63,22.4,0,,0.0,0
127.944,22.25,0,,0.0,0
128.257,22.33,0,,0.0,0
128.573,22.32,0,,0.0,0
128.888,22.2,0,,0.0,0
129.202,22.28,0,,0.0,0
129.518,22.28,0,,0.0,0
129.832,22.27,0,,0.0,0
130.145,22.42,0,,0.0,0
130.461,22.45,0,,0.0,0
130.761,22.63,0,,0.0,0
131.076,22.55,0,,0.0,0
131.392,22.38,0,,0.0,0
131.704,22.33,0,,0.0,0
132.018,22.15,0,,0.0,0
132.334,22.17,0,,0.0,0
132.635,22.28,0,,0.0,0
132.95,22.33,0,,0.0,0
133.266,22.3,0,,0.0,0
133.574,22.25,0,,0.0,0
133.895,22.28,0,,0.0,0
133.898,22.2,0,,0.0,0
134.21,22.25,0,,0.0,0
134.526,22.28,0,,0.0,0
134.841,22.27,0,,0.0,0
135.157,22.2,0,,0.0,0
135.475,22.28,0,,0.0,0
135.776,22.4,0,,0.0,0
136.092,22.35,0,,0.0,0
136.406,22.37,0,,0.0,0
136.719,22.22,0,,0.0,0
137.029,22.23,0,,0.0,0
137.339,22.27,0,,0.0,0
137.654,22.22,0,,0.0,0
137.966,22.18,0,,0.0,0
138.279,22.27,0,,0.0,0
138.591,22.22,0,,0.0,0
138.903,22.27,0,,0.0,0
139.213,22.32,0,,0.0,0
139.54,22.38,0,,0.0,0
139.849,22.37,0,,0.0,0
140.158,22.27,0,,0.0,0
140.468,22.2,0,,0.0,0
140.779,22.08,0,,0.0,0
141.091,22.22,0,,0.0,0
141.401,22.4,0,,0.0,0
141.713,22.28,0,,0.0,0
142.04,22.42,0,,0.0,0
142.041,22.33,0,,0.0,0
142.352,22.45,0,,0.0,0
142.666,22.48,0,,0.0,0
142.978,22.35,0,,0.0,0
143.302,22.3,0,,0.0,0
143.605,22.1,0,,0.0,0
143.922,22.13,0,,0.0,0
144.239,22.25,0,,0.0,0
144.553,22.28,0,,0.0,0
144.857,22.37,0,,0.0,0
145.167,22.38,0,,0.0,0
145.482,22.4,0,,0.0,0
145.795,22.33,0,,0.0,0
146.111,22.27,0,,0.0,0
146.424,22.2,0,,0.0,0
146.741,22.18,0,,0.0,0
147.053,22.17,0,,0.0,0
147.356,22.4,0,,0.0,0
147.674,22.42,0,,0.0,0
147.988,22.33,0,,0.0,0
148.303,22.3,0,,0.0,0
148.604,22.22,0,,0.0,0
148.921,22.18,0,,0.0,0
149.233,22.3,0,,0.0,0
149.552,22.27,0,,0.0,0
149.553,22.27,0,,0.0,0
149.868,22.42,0,,0.0,0
150.169,22.4,0,,0.0,0
150.485,22.43,0,,0.0,0
150.801,22.4,0,,0.0,0
151.117,22.25,0,,0.0,0
151.417,22.4,0,,0.0,0
151.735,22.45,0,,0.0,0
152.05,22.45,0,,0.0,0
152.366,22.48,0,,0.0,0
152.682,22.23,0,,0.0,0
152.997,22.38,0,,0.0,0
153.313,22.5,0,,0.0,0
153.629,22.38,0,,0.0,0
153.943,22.38,0,,0.0,0
154.258,22.45,0,,0.0,0
154.558,22.35,0,,0.0,0
154.874,22.43,0,,0.0,0
155.189,22.6,0,,0.0,0
155.505,22.6,0,,0.0,0
155.821,22.5,0,,0.0,0
156.129,22.55,0,,0.0,0
156.433,22.47,0,,0.0,0
156.749,22.38,0,,0.0,0
157.066,22.33,0,,0.0,0
157.382,22.38,0,,0.0,0
157.383,22.28,0,,0.0,0
157.683,22.23,0,,0.0,0
157.999,22.22,0,,0.0,0
158.315,22.2,0,,0.0,0
158.628,22.3,0,,0.0,0
158.944,22.18,0,,0.0,0
159.246,22.23,0,,0.0,0
159.557,22.42,0,,0.0,0
159.876,22.35,0,,0.0,0
160.191,22.45,0,,0.0,0
160.507,22.48,0,,0.0,0
160.823,22.28,0,,0.0,0
161.138,22.3,0,,0.0,0
161.455,22.23,0,,0.0,0
161.772,22.32,0,,0.0,0
162.087,22.45,0,,0.0,0
162.402,22.47,0,,0.0,0
162.719,22.48,0,,0.0,0
163.037,22.53,0,,0.0,0
163.338,22.5,0,,0.0,0
163.654,22.45,0,,0.0,0
163.972,22.47,0,,0.0,0
164.287,22.42,0,,0.0,0
164.602,22.35,0,,0.0,0
164.603,22.32,0,,0.0,0
164.903,22.37,0,,0.0,0
165.218,22.37,0,,0.0,0
165.535,22.43,0,,0.0,0
165.85,22.4,0,,0.0,0
166.167,22.42,0,,0.0,0
166.482,22.48,0,,0.0,0
166.797,22.2,0,,0.0,0
167.114,22.23,0,,0.0,0
167.431,22.13,0,,0.0,0
167.744,21.98,0,,0.0,0
168.043,22.2,0,,0.0,0
168.358,22.23,0,,0.0,0
168.675,22.3,0,,0.0,0
168.986,22.33,0,,0.0,0
169.298,22.48,0,,0.0,0
169.608,22.43,0,,0.0,0
169.922,22.23,0,,0.0,0
170.233,22.13,0,,0.0,0
170.544,22.0,0,,0.0,0
170.856,22.03,0,,0.0,0
171.17,22.13,0,,0.0,0
171.487,22.32,0,,0.0,0
171.802,22.38,0,,0.0,0
172.119,22.35,0,,0.0,0
172.435,22.43,0,,0.0,0
172.435,22.4,0,,0.0,0
172.749,22.37,0,,0.0,0
173.066,22.3,0,,0.0,0
173.382,22.25,0,,0.0,0
173.689,22.43,0,,0.0,0
173.996,22.37,0,,0.0,0
174.312,22.35,0,,0.0,0
174.629,22.43,0,,0.0,0
174.944,22.33,0,,0.0,0
175.259,22.15,0,,0.0,0
175.557,22.17,0,,0.0,0
175.869,21.95,0,,0.0,0
176.191,21.88,0,,0.0,0
176.501,21.87,0,,0.0,0
176.814,22.05,42,,0.0,0
177.126,22.27,42,,0.0,0
177.435,22.62,44,,0.0,0
177.747,22.89,46,,0.0,0
178.06,22.99,46,,0.0,0
178.373,22.52,49,,0.0,0
178.682,22.38,51,,0.0,0
179.007,22.27,53,,0.0,0
179.318,22.32,55,,0.0,0
179.631,22.42,57,,0.0,0
179.94,22.68,59,,0.0,0
180.255,22.58,60,,0.0,0
180.256,22.75,60,,0.0,0
180.571,22.77,60,,0.0,0
180.871,22.84,60,,0.0,0
181.186,22.92,60,,0.0,0
181.496,23.0,60,,0.0,0
181.808,23.07,60,,0.0,0
182.133,23.04,60,,0.0,0
182.442,22.85,60,,0.0,0
182.752,22.35,60,,6540.0,0
183.064,22.35,60,,6540.0,0
183.375,22.35,60,,6540.0,0
183.684,22.45,60,,6540.0,0
184.009,22.79,60,,330.0,0
184.319,22.67,60,,330.0,0
184.632,22.84,60,,330.0,0
184.943,22.72,60,,750.0,0
185.253,22.82,60,,750.0,0
185.565,22.75,60,,750.0,0
185.878,22.65,60,,990.0,0
186.189,22.47,60,,990.0,0
186.5,22.48,60,,990.0,0
186.809,22.55,60,,1230.0,0
187.119,22.69,60,,1230.0,0
187.446,23.02,60,,1230.0,0
187.754,22.99,60,,1230.0,0
188.065,22.84,60,,1410.0,0
188.373,22.75,60,,1410.0,0
188.685,22.53,60,,1410.0,0
188.686,22.6,60,,1440.0,0
188.996,23.02,60,,1440.0,0
189.307,23.1,60,,1440.0,0
189.62,23.04,60,,1500.0,0
189.943,23.17,60,,1500.0,0
190.253,22.89,60,,1500.0,0
190.563,22.89,60,,1500.0,0
190.875,22.97,60,,1500.0,0
191.186,23.12,60,,1500.0,0
191.495,22.9,60,,1500.0,0
191.809,22.89,60,,1530.0,0
192.123,22.84,60,,1530.0,0
192.433,22.79,60,,1530.0,0
192.745,22.94,60,,1560.0,0
193.072,23.02,60,,1560.0,0
193.383,23.09,60,,1560.0,0
193.695,23.0,60,,1560.0,0
194.006,23.04,60,,1530.0,0
194.317,22.95,60,,1530.0,0
194.631,22.97,60,,1530.0,0
194.946,23.0,60,,1530.0,0
195.257,23.02,60,,1530.0,0
195.569,23.0,60,,1530.0,0
195.88,22.94,60,,1560.0,0
196.189,22.9,60,,1560.0,0
196.5,22.89,60,,1560.0,0
196.81,22.87,60,,1560.0,0
196.813,22.94,60,,1560.0,0
197.121,22.94,60,,1560.0,0
197.432,23.12,60,,1560.0,0
197.759,23.24,60,,1560.0,0
198.07,23.1,60,,1560.0,0
198.382,23.12,60,,1560.0,0
198.691,22.99,60,,1560.0,0
199.001,23.0,60,,1560.0,0
199.313,23.07,60,,1560.0,0
199.624,22.97,60,,1560.0,0
199.933,23.05,60,,1560.0,0
200.246,22.99,60,,1560.0,0
200.57,23.04,60,,1560.0,0
200.882,23.12,60,,1560.0,0
201.192,23.17,60,,1560.0,0
201.502,23.14,60,,1560.0,0
201.815,23.12,60,,1590.0,0
202.126,23.22,60,,1590.0,0
202.433,23.34,60,,1590.0,0
202.744,23.25,60,,1590.0,0
203.071,23.25,60,,1560.0,0
203.382,23.34,60,,1560.0,0
203.693,23.14,60,,1560.0,0
204.006,23.25,60,,1590.0,0
204.319,23.29,60,,1590.0,0
204.631,23.17,60,,1590.0,0
204.941,23.34,60,,1590.0,0
204.942,23.41,60,,1590.0,0
205.252,23.42,60,,1590.0,0
205.564,23.44,60,,1590.0,0
205.874,23.47,60,,1590.0,0
206.187,23.42,60,,1590.0,0
206.502,23.36,60,,1590.0,0
206.813,23.39,60,,1590.0,0
207.125,23.3,60,,1590.0,0
207.437,23.36,60,,1590.0,0
207.749,23.37,60,,1620.0,0
208.061,23.42,60,,1620.0,0
208.373,23.46,60,,1620.0,0
208.686,23.39,60,,1620.0,0
208.997,23.56,60,,1590.0,0
209.309,23.62,60,,1590.0,0
209.623,23.56,60,,1590.0,0
209.935,23.64,60,,1620.0,0
210.244,23.54,60,,1620.0,0
210.569,23.57,60,,1620.0,0
210.883,23.81,60,,1590.0,0
211.195,23.84,60,,1590.0,0
211.496,23.88,60,,1590.0,0
211.813,23.76,60,,1590.0,0
212.13,23.67,60,,1620.0,0
212.446,23.49,60,,1620.0,0
212.76,23.41,60,,1620.0,0
213.085,23.68,60,,1620.0,0
213.086,23.83,60,,1620.0,0
213.394,24.06,60,,1620.0,0
213.699,24.08,60,,1650.0,0
214.011,24.01,60,,1650.0,0
214.326,23.84,60,,1650.0,0
214.644,23.69,60,,1620.0,0
214.955,23.54,60,,1620.0,0
215.269,23.44,60,,1620.0,0
215.581,23.47,60,,1620.0,0
215.891,23.64,60,,1620.0,0
216.204,23.61,60,,1620.0,0
216.516,23.76,60,,1620.0,0
216.828,23.79,60,,1650.0,0
217.139,23.61,60,,1650.0,0
217.452,23.61,60,,1650.0,0
217.766,23.81,60,,1650.0,0
218.078,23.71,60,,1650.0,0
218.391,23.84,60,,1650.0,0
218.704,23.94,60,,1650.0,0
219.019,23.79,60,,1650.0,0
219.324,23.79,60,,1650.0,0
219.643,23.76,60,,1650.0,0
219.955,23.67,60,,1650.0,0
220.265,23.61,60,,1650.0,0
220.575,23.61,60,,1650.0,0
220.889,23.59,60,,1650.0,0
221.2,23.78,60,,1650.0,0
221.201,23.84,60,,1650.0,0
221.51,23.83,60,,1650.0,0
221.826,23.89,60,,1680.0,0
222.15,23.89,60,,1680.0,0
222.449,23.98,60,,1680.0,0
222.765,23.98,60,,1650.0,0
223.08,23.99,60,,1650.0,0
223.395,23.94,60,,1650.0,0
223.708,23.93,60,,1680.0,0
224.023,23.86,60,,1680.0,0
224.329,23.88,60,,1680.0,0
224.635,23.74,60,,1680.0,0
224.951,23.74,60,,1650.0,0
225.267,23.67,60,,1650.0,0
225.583,23.78,60,,1650.0,0
225.899,23.93,60,,1680.0,0
226.213,23.86,60,,1680.0,0
226.528,23.88,60,,1680.0,0
226.843,24.13,60,,1680.0,0
227.157,23.81,60,,1680.0,0
227.473,24.03,60,,1680.0,0
227.788,24.03,60,,1680.0,0
228.088,23.91,60,,1680.0,0
228.404,23.88,60,,1680.0,0
228.716,24.03,60,,1680.0,0
229.032,23.98,60,,1710.0,0
229.033,23.96,60,,1710.0,0
229.349,24.11,60,,1710.0,0
229.665,24.01,60,,1680.0,0
229.979,24.1,60,,1680.0,0
230.294,24.21,60,,1680.0,0
230.608,24.08,60,,1680.0,0
230.92,24.05,60,,1680.0,0
231.231,24.1,60,,1680.0,0
231.542,24.08,60,,1680.0,0
231.869,23.99,60,,1710.0,0
232.181,24.18,60,,1710.0,0
232.493,24.15,60,,1710.0,0
232.805,24.05,60,,1680.0,0
233.119,24.06,60,,1680.0,0
233.43,24.25,60,,1680.0,0
233.729,24.2,60,,1680.0,0
234.044,24.42,60,,1710.0,0
234.361,24.69,60,,1710.0,0
234.676,24.52,60,,1710.0,0
234.991,24.62,60,,1710.0,0
235.306,24.57,60,,1710.0,0
235.618,24.6,60,,1710.0,0
235.929,24.11,60,,1710.0,0
236.236,23.84,60,,1710.0,0
236.542,23.96,60,,1710.0,0
236.857,23.86,60,,1710.0,0
236.858,24.18,60,,1710.0,0
237.174,24.26,60,,1710.0,0
237.49,24.18,60,,1710.0,0
237.804,24.05,60,,1710.0,0
238.104,23.98,60,,1710.0,0
238.418,24.06,60,,1710.0,0
238.73,24.11,60,,1710.0,0
239.047,24.21,60,,1710.0,0
239.361,24.18,60,,1710.0,0
239.678,24.33,60,,1710.0,0
239.994,24.38,60,,1710.0,0
240.31,24.6,60,,1710.0,0
240.628,24.79,60,,1710.0,0
240.943,24.74,60,,1740.0,0
241.259,24.67,60,,1740.0,0
241.56,24.62,60,,1740.0,0
241.876,24.43,60,,1710.0,0
242.191,24.43,60,,1710.0,0
242.509,24.48,60,,1710.0,0
242.81,24.4,60,,1710.0,0
243.127,24.47,60,,1740.0,0
243.443,24.42,60,,1740.0,0
243.759,24.38,60,,1740.0,0
244.06,24.3,60,,1710.0,0
244.377,24.42,60,,1710.0,0
244.378,24.47,60,,1710.0,0
244.694,24.45,60,,1740.0,0
244.995,24.47,60,,1740.0,0
245.312,24.37,60,,1740.0,0
245.629,24.33,60,,1740.0,0
245.946,24.4,60,,1740.0,0
246.246,24.57,60,,1740.0,0
246.562,24.52,60,,1740.0,0
246.878,24.52,60,,1740.0,0
247.195,24.45,60,,1740.0,0
247.495,24.35,60,,1740.0,0
247.812,24.35,60,,1740.0,0
248.128,24.4,60,,1740.0,0
248.443,24.38,60,,1740.0,0
248.759,24.23,60,,1770.0,0
249.067,24.4,60,,1770.0,0
249.378,24.43,60,,1770.0,0
249.689,24.4,60,,1770.0,0
250.002,24.57,60,,1740.0,0
250.313,24.48,60,,1740.0,0
250.625,24.32,60,,1740.0,0
250.935,24.21,60,,1770.0,0
251.246,24.32,60,,1770.0,0
251.559,24.38,60,,1770.0,0
251.87,24.65,60,,1770.0,0
252.182,24.94,60,,1770.0,0
252.508,23.9,60,,1770.0,0
252.509,24.02,60,,1770.0,0
252.819,23.89,60,,1740.0,0
253.13,23.97,60,,1740.0,0
253.44,24.81,60,,1740.0,0
253.753,24.65,60,,1770.0,0
254.065,24.81,60,,1770.0,0
254.376,24.67,60,,1770.0,0
254.687,24.67,60,,1770.0,0
254.997,24.5,60,,1770.0,0
255.311,24.5,60,,1770.0,0
255.623,24.65,60,,1770.0,0
255.933,24.82,60,,1770.0,0
256.245,24.92,60,,1770.0,0
256.571,25.04,60,,1770.0,0
256.871,25.01,60,,1770.0,0
257.186,24.82,60,,1770.0,0
257.503,24.96,60,,1770.0,0
257.816,25.14,60,,1800.0,0
258.129,25.04,60,,1800.0,0
258.44,25.08,60,,1800.0,0
258.752,24.97,60,,1800.0,0
259.063,24.84,60,,1770.0,0
259.375,24.81,60,,1770.0,0
259.685,24.84,60,,1770.0,0
259.996,24.94,60,,1800.0,0
260.307,25.06,60,,1800.0,0
260.634,25.08,60,,1800.0,0
260.635,25.33,60,,1770.0,0
260.933,25.23,60,,1770.0,0
261.257,25.13,60,,1770.0,0
261.569,25.21,60,,1770.0,0
261.878,25.18,60,,1800.0,0
262.192,24.82,60,,1800.0,0
262.499,24.82,60,,1800.0,0
262.81,24.74,60,,1800.0,0
263.124,24.7,60,,1800.0,0
263.434,24.53,60,,1800.0,0
263.747,24.62,60,,1800.0,0
264.058,23.81,60,,1800.0,0
264.369,23.88,60,,1800.0,0
264.682,24.1,60,,1800.0,0
264.995,24.14,60,,1800.0,0
265.308,25.04,60,,1800.0,0
265.619,25.13,60,,1800.0,0
265.945,25.06,60,,1800.0,0
266.256,25.08,60,,1800.0,0
266.568,24.96,60,,1800.0,0
266.881,25.09,60,,1830.0,0
267.19,24.96,60,,1830.0,0
267.501,24.94,60,,1830.0,0
267.813,24.84,60,,1830.0,0
268.119,25.03,60,,1800.0,0
268.436,25.16,60,,1800.0,0
268.747,25.18,60,,1800.0,0
269.059,25.2,60,,1830.0,0
269.06,25.11,60,,1830.0,0
269.384,25.09,60,,1830.0,0
269.696,25.26,60,,1800.0,0
270.009,25.47,60,,1800.0,0
270.321,25.23,60,,1800.0,0
270.633,25.2,60,,1800.0,0
270.932,25.13,60,,1830.0,0
271.246,25.11,60,,1830.0,0
271.561,25.47,60,,1830.0,0
271.878,25.52,60,,1830.0,0
272.188,25.57,60,,1830.0,0
272.509,25.62,60,,1830.0,0
272.81,25.57,60,,1830.0,0
273.128,25.52,60,,1830.0,0
273.434,25.59,60,,1830.0,0
273.755,25.43,60,,1830.0,0
274.071,25.37,60,,1830.0,0
274.371,25.37,60,,1830.0,0
274.687,25.31,60,,1830.0,0
275.003,25.38,60,,1830.0,0
275.319,25.48,60,,1830.0,0
275.62,25.57,60,,1830.0,0
275.934,25.65,60,,1830.0,0
276.248,25.48,60,,1830.0,0
276.563,25.31,60,,1830.0,0
276.877,25.25,60,,1830.0,0
277.191,25.26,60,,1830.0,0
277.193,25.43,60,,1830.0,0
277.506,25.72,60,,1830.0,0
277.818,25.94,60,,1830.0,0
278.133,25.81,60,,1830.0,0
278.432,25.79,60,,1830.0,0
278.749,25.67,60,,1830.0,0
279.065,25.55,60,,1830.0,0
279.369,25.67,60,,1830.0,0
279.682,25.43,60,,1860.0,0
279.994,25.28,60,,1860.0,0
280.308,25.32,60,,1860.0,0
280.634,25.32,60,,1860.0,0
280.934,25.55,60,,1830.0,0
281.244,25.62,60,,1830.0,0
281.571,25.65,60,,1830.0,0
281.883,25.64,60,,1860.0,0
282.194,25.62,60,,1860.0,0
282.506,25.54,60,,1860.0,0
282.819,25.62,60,,1830.0,0
283.131,25.54,60,,1830.0,0
283.443,25.57,60,,1830.0,0
283.754,25.65,60,,1830.0,0
284.07,25.59,60,,1860.0,0
284.371,25.55,60,,1860.0,0
284.687,25.64,60,,1860.0,0
285.003,25.48,60,,1830.0,0
285.319,25.5,60,,1830.0,0
285.32,25.71,60,,1830.0,0
285.634,25.65,60,,1860.0,0
285.935,25.69,60,,1860.0,0
286.252,25.65,60,,1860.0,0
286.569,25.59,60,,1860.0,0
286.886,25.59,60,,1860.0,0
287.201,25.79,60,,1860.0,0
287.518,25.79,60,,1860.0,0
287.834,25.69,60,,1860.0,0
288.148,25.71,60,,1860.0,0
288.447,25.65,60,,1860.0,0
288.761,25.74,60,,1860.0,0
289.077,25.79,60,,1860.0,0
289.393,25.67,60,,1860.0,0
289.699,25.77,60,,1860.0,0
290.023,25.76,60,,1860.0,0
290.339,25.65,60,,1860.0,0
290.655,25.76,60,,1860.0,0
290.971,25.65,60,,1860.0,0
291.287,25.65,60,,1860.0,0
291.602,25.65,60,,1860.0,0
291.903,25.79,60,,1860.0,0
292.217,25.84,60,,1860.0,0
292.533,25.86,60,,1860.0,0
292.848,26.01,60,,1860.0,0
292.849,26.05,60,,1860.0,0
293.164,26.12,60,,1860.0,0
293.466,26.06,60,,1860.0,0
293.779,26.01,60,,1860.0,0
294.095,26.01,60,,1860.0,0
294.403,25.98,60,,1860.0,0
294.727,25.98,60,,1860.0,0
295.026,25.89,60,,1860.0,0
295.342,25.84,60,,1860.0,0
295.658,25.79,60,,1860.0,0
295.975,25.76,60,,1860.0,0
296.29,25.54,60,,1860.0,0
296.591,25.57,60,,1860.0,0
296.907,25.67,60,,1890.0,0
297.22,25.77,60,,1890.0,0
297.537,25.84,60,,1890.0,0
297.854,26.17,60,,1860.0,0
298.17,26.13,60,,1860.0,0
298.487,26.15,60,,1860.0,0
298.804,26.2,60,,1860.0,0
299.104,26.27,60,,1860.0,0
299.422,26.13,60,,1860.0,0
299.738,26.03,60,,1860.0,0
300.054,25.98,60,,1890.0,0
300.369,25.98,60,,1890.0,0
300.37,26.0,60,,1890.0,0
300.686,26.1,60,,1860.0,0
301.002,26.12,60,,1860.0,0
301.318,26.06,60,,1860.0,0
301.62,26.2,60,,1860.0,0
301.936,26.37,60,,1860.0,0
302.251,26.35,60,,1860.0,0
302.569,26.39,60,,1860.0,0
302.884,26.22,60,,1890.0,0
303.183,26.17,60,,1890.0,0
303.498,25.96,60,,1890.0,0
303.814,25.96,60,,1860.0,0
304.127,26.08,60,,1860.0,0
304.439,26.13,60,,1860.0,0
304.75,26.3,60,,1890.0,0
305.061,26.29,60,,1890.0,0
305.378,26.53,60,,1890.0,0
305.694,26.44,60,,1890.0,0
305.995,26.39,60,,1890.0,0
306.311,26.42,60,,1890.0,0
306.626,26.27,60,,1890.0,0
306.94,26.37,60,,1860.0,0
307.254,26.39,60,,1860.0,0
307.564,26.3,60,,1860.0,0
307.876,26.29,60,,1890.0,0
308.185,26.32,60,,1890.0,0
308.498,26.34,60,,1890.0,0
308.499,26.68,60,,1890.0,0
308.811,26.68,60,,1890.0,0
309.122,26.77,60,,1890.0,0
309.435,26.7,60,,1890.0,0
309.747,26.49,60,,1890.0,0
310.059,26.44,60,,1890.0,0
310.371,26.47,60,,1890.0,0
310.687,26.49,60,,1890.0,0
310.999,26.54,60,,1890.0,0
311.312,26.66,60,,1890.0,0
311.621,26.68,60,,1890.0,0
311.933,26.58,60,,1860.0,0
312.247,26.49,60,,1860.0,0
312.558,26.65,60,,1860.0,0
312.883,26.56,60,,1920.0,0
313.195,26.7,60,,1920.0,0
313.507,26.71,60,,1920.0,0
313.816,26.8,60,,1890.0,0
314.132,26.8,60,,1890.0,0
314.444,26.72,60,,1890.0,0
314.756,26.78,60,,1890.0,0
315.068,26.63,60,,1890.0,0
315.375,26.58,60,,1890.0,0
315.687,26.56,60,,1890.0,0
315.998,26.58,60,,1890.0,0
316.321,26.63,60,,1890.0,0
316.322,26.7,60,,1890.0,0
316.632,26.82,60,,1890.0,0
316.944,26.77,60,,1890.0,0
317.253,26.7,60,,1890.0,0
317.563,26.7,60,,1890.0,0
317.875,26.58,60,,1890.0,0
318.187,26.58,60,,1890.0,0
318.498,26.59,60,,1890.0,0
318.807,26.58,60,,1890.0,0
319.134,26.65,60,,1890.0,0
319.448,26.73,60,,1890.0,0
319.762,26.63,60,,1890.0,0
320.074,26.73,60,,1890.0,0
320.39,26.66,60,,1890.0,0
320.7,26.66,60,,1890.0,0
321.025,26.65,60,,1890.0,0
321.325,26.66,60,,1890.0,0
321.641,26.75,60,,1890.0,0
321.958,26.66,60,,1920.0,0
322.273,26.85,60,,1920.0,0
322.573,26.85,60,,1920.0,0
322.889,26.96,60,,1890.0,0
323.204,27.02,60,,1890.0,0
323.521,26.96,60,,1890.0,0
323.837,26.85,60,,1890.0,0
324.137,26.82,60,,1890.0,0
324.452,26.82,60,,1890.0,0
324.453,26.78,60,,1890.0,0
324.767,26.9,60,,1920.0,0
325.082,26.85,60,,1920.0,0
325.396,26.78,60,,1920.0,0
325.712,26.66,60,,1890.0,0
326.026,26.65,60,,1890.0,0
326.341,26.71,60,,1890.0,0
326.655,26.8,60,,1890.0,0
326.967,26.72,60,,1890.0,0
327.28,26.72,60,,1890.0,0
327.597,26.66,60,,1890.0,0
327.911,26.75,60,,1920.0,0
328.228,26.9,60,,1920.0,0
328.526,26.97,60,,1920.0,0
328.839,27.06,60,,1920.0,0
329.15,27.01,60,,1920.0,0
329.463,26.97,60,,1920.0,0
329.79,26.85,60,,1920.0,0
330.103,26.73,60,,1890.0,0
330.414,26.49,60,,1890.0,0
330.725,26.61,60,,1890.0,0
331.036,26.72,60,,1920.0,0
331.348,26.7,60,,1920.0,0
331.659,26.84,60,,1920.0,0
331.973,26.75,60,,1890.0,0
332.285,26.66,60,,1890.0,0
332.287,26.63,60,,1890.0,0
332.594,26.65,60,,1920.0,0
332.908,26.6,60,,1920.0,0
333.222,26.61,60,,1920.0,0
333.534,26.75,60,,1920.0,0
333.847,26.91,60,,1920.0,0
334.16,27.13,60,,1920.0,0
334.475,27.42,60,,1920.0,0
334.787,27.47,60,,1890.0,0
335.098,27.37,60,,1890.0,0
335.408,27.28,60,,1890.0,0
335.72,27.3,60,,1920.0,0
336.032,27.18,60,,1920.0,0
336.339,27.21,60,,1920.0,0
336.652,27.25,60,,1920.0,0
336.97,27.09,60,,1920.0,0
337.288,27.04,60,,1920.0,0
337.59,27.06,60,,1920.0,0
337.902,27.02,60,,1920.0,0
338.213,27.16,60,,1920.0,0
338.526,27.21,60,,1920.0,0
338.839,27.21,60,,1920.0,0
339.151,27.11,60,,1920.0,0
339.478,27.01,60,,1920.0,0
339.806,26.8,60,,1920.0,0
339.808,26.7,60,,1920.0,0
340.132,26.73,60,,1920.0,0
340.445,26.73,60,,1920.0,0
340.758,26.87,60,,1920.0,0
341.068,26.85,60,,1920.0,0
341.379,26.85,60,,1920.0,0
341.693,26.87,60,,1890.0,0
342.004,26.89,60,,1890.0,0
342.314,26.92,60,,1890.0,0
342.626,26.9,60,,1890.0,0
342.938,26.97,60,,1920.0,0
343.247,27.08,60,,1920.0,0
343.56,27.16,60,,1920.0,0
343.872,27.27,60,,1920.0,0
344.185,27.21,60,,1920.0,0
344.496,27.18,60,,1920.0,0
344.809,27.09,60,,1950.0,0
345.133,27.06,60,,1950.0,0
345.443,27.21,60,,1950.0,0
345.755,27.11,60,,1950.0,0
346.065,27.2,60,,1920.0,0
346.378,27.25,60,,1920.0,0
346.69,27.15,60,,1920.0,0
347.002,27.15,60,,1920.0,0
347.314,27.15,60,,1920.0,0
347.624,27.06,60,,1920.0,0
347.937,27.01,60,,1950.0,0
347.938,27.09,60,,1950.0,0
348.25,27.08,60,,1950.0,0
348.561,27.09,60,,1950.0,0
348.874,27.06,60,,1920.0,0
349.185,27.01,60,,1920.0,0
349.496,26.9,60,,1920.0,0
349.809,26.9,60,,1950.0,0
350.119,26.92,60,,1950.0,0
350.432,26.87,60,,1950.0,0
350.76,26.99,60,,1920.0,0
351.085,27.08,60,,1920.0,0
351.398,27.06,60,,1920.0,0
351.708,27.15,60,,1920.0,0
352.023,27.25,60,,1950.0,0
352.334,27.2,60,,1950.0,0
352.649,27.23,60,,1950.0,0
352.958,27.21,60,,1920.0,0
353.272,27.06,60,,1920.0,0
353.582,27.11,60,,1920.0,0
353.894,26.94,60,,1950.0,0
354.208,26.9,60,,1950.0,0
354.516,26.99,60,,1950.0,0
354.829,27.08,60,,1950.0,0
355.141,27.27,60,,1920.0,0
355.451,27.35,60,,1920.0,0
355.774,27.18,60,,1920.0,0
355.775,27.13,60,,1950.0,0
356.085,27.04,60,,1950.0,0
356.4,27.11,60,,1950.0,0
356.711,27.39,60,,1950.0,0
357.023,27.37,60,,1950.0,0
357.334,27.4,60,,1950.0,0
357.644,27.35,60,,1950.0,0
357.956,27.37,60,,1920.0,0
358.266,27.33,60,,1920.0,0
358.579,27.28,60,,1920.0,0
358.892,27.3,60,,1950.0,0
359.204,27.54,60,,1950.0,0
359.515,27.35,60,,1950.0,0
359.824,27.44,60,,1950.0,0
360.146,27.42,60,,1950.0,0
360.457,27.18,60,,1950.0,0
360.766,27.4,60,,1950.0,0
361.077,27.42,60,,1950.0,0
361.388,27.61,60,,1950.0,0
361.702,27.53,60,,1950.0,0
362.013,27.39,60,,1920.0,0
362.326,27.32,60,,1920.0,0
362.637,27.21,60,,1920.0,0
362.947,27.34,60,,1950.0,0
363.26,27.42,60,,1950.0,0
363.575,27.42,60,,1950.0,0
363.888,27.33,60,,1950.0,0
363.889,27.35,60,,1950.0,0
364.199,27.37,60,,1950.0,0
364.511,27.4,60,,1950.0,0
364.825,27.42,60,,1950.0,0
365.136,27.32,60,,1950.0,0
365.45,27.39,60,,1950.0,0
365.761,27.27,60,,1950.0,0
366.087,27.25,60,,1950.0,0
366.386,27.33,60,,1950.0,0
366.702,27.28,60,,1950.0,0
367.017,27.53,60,,1950.0,0
367.334,27.56,60,,1950.0,0
367.651,27.47,60,,1950.0,0
367.968,27.59,60,,1950.0,0
368.282,27.56,60,,1950.0,0
368.591,27.53,60,,1950.0,0
368.915,27.65,60,,1950.0,0
369.214,27.66,60,,1950.0,0
369.53,27.65,60,,1950.0,0
369.845,27.58,60,,1950.0,0
370.161,27.42,60,,1950.0,0
370.472,27.39,60,,1950.0,0
370.786,27.42,60,,1950.0,0
371.101,27.46,60,,1950.0,0
371.415,27.47,60,,1950.0,0
371.417,27.86,60,,1950.0,0
371.715,27.82,60,,1950.0,0
372.029,27.84,60,,1950.0,0
372.343,27.89,60,,1950.0,0
372.656,27.68,60,,1950.0,0
372.974,27.61,60,,1950.0,0
373.289,27.7,60,,1950.0,0
373.602,27.77,60,,1950.0,0
373.914,27.85,60,,1950.0,0
374.228,27.8,60,,1950.0,0
374.526,27.53,60,,1950.0,0
374.841,27.51,60,,1950.0,0
375.157,27.37,60,,1950.0,0
375.472,27.42,60,,1950.0,0
375.785,27.65,60,,1950.0,0
376.101,27.58,60,,1950.0,0
376.417,27.65,60,,1950.0,0
376.731,27.58,60,,1950.0,0
377.045,27.4,60,,1950.0,0
377.361,27.42,60,,1950.0,0
377.677,27.35,60,,1950.0,0
377.993,27.47,60,,1950.0,0
378.291,27.66,60,,1950.0,0
378.608,27.73,60,,1950.0,0
378.921,27.75,60,,1950.0,0
379.232,27.66,60,,1950.0,0
379.543,27.65,60,,1950.0,0
379.545,27.46,60,,1950.0,0
379.855,27.53,60,,1950.0,0
380.181,27.53,60,,1950.0,0
380.479,27.41,60,,1950.0,0
380.804,27.65,60,,1950.0,0
381.116,27.68,60,,1950.0,0
381.424,27.6,60,,1950.0,0
381.735,27.72,60,,1950.0,0
382.045,27.66,60,,1950.0,0
382.355,27.66,60,,1950.0,0
382.669,27.8,60,,1950.0,0
382.982,27.68,60,,1980.0,0
383.296,27.56,60,,1980.0,0
383.609,27.44,60,,1980.0,0
383.921,27.46,60,,1950.0,0
384.231,27.49,60,,1950.0,0
384.543,27.49,60,,1950.0,0
384.853,27.56,60,,1950.0,0
385.177,27.54,60,,1950.0,0
385.485,27.49,60,,1950.0,0
385.795,27.65,60,,1950.0,0
386.106,27.58,60,,1950.0,0
386.418,27.49,60,,1950.0,0
386.728,27.54,60,,1950.0,0
387.055,27.42,60,,1950.0,0
387.367,27.49,60,,1950.0,0
387.369,27.54,60,,1950.0,0
387.679,26.81,60,,1980.0,0
387.99,26.9,60,,1980.0,0
388.302,26.85,60,,1980.0,0
388.612,26.88,60,,1950.0,0
388.921,27.73,60,,1950.0,0
389.234,27.61,60,,1950.0,0
389.544,27.63,60,,1950.0,0
389.858,27.47,60,,1950.0,0
390.17,27.49,60,,1950.0,0
390.482,27.56,60,,1950.0,0
390.794,27.32,60,,1980.0,0
391.106,27.39,60,,1980.0,0
391.416,27.39,60,,1980.0,0
391.73,27.46,60,,1950.0,0
392.056,27.7,60,,1950.0,0
392.354,27.73,60,,1950.0,0
392.679,27.75,60,,1950.0,0
392.979,27.77,60,,1950.0,0
393.293,27.73,60,,1950.0,0
393.604,27.75,60,,1950.0,0
393.931,27.77,60,,1980.0,0
394.241,27.77,60,,1980.0,0
394.551,27.82,60,,1980.0,0
394.862,27.89,60,,1950.0,0
395.174,27.87,60,,1950.0,0
395.487,27.84,60,,1950.0,0
395.801,27.82,60,,1950.0,0
395.802,27.68,60,,1980.0,0
396.109,27.89,60,,1980.0,0
396.422,27.91,60,,1980.0,0
396.734,27.84,60,,1950.0,0
397.046,27.92,60,,1950.0,0
397.354,27.68,60,,1950.0,0
397.678,27.68,60,,1980.0,0
397.989,27.77,60,,1980.0,0
398.301,27.78,60,,1980.0,0
398.613,27.85,60,,1980.0,0
398.926,27.99,60,,1950.0,0
399.241,27.94,60,,1950.0,0
399.542,28.01,60,,1950.0,0
399.858,27.96,60,,1980.0,0
400.172,27.73,60,,1980.0,0
400.484,27.77,60,,1980.0,0
400.796,27.66,60,,1950.0,0
401.108,27.77,60,,1950.0,0
401.419,27.94,60,,1950.0,0
401.731,27.94,60,,1950.0,0
402.055,27.91,60,,1980.0,0
402.367,28.03,60,,1980.0,0
402.68,27.96,60,,1980.0,0
402.991,27.89,60,,1980.0,0
403.3,27.92,60,,1980.0,0
403.612,27.73,60,,1980.0,0
403.923,27.63,60,,1950.0,0
403.926,27.59,60,,1950.0,0
404.234,27.58,60,,1950.0,0
404.545,27.65,60,,1950.0,0
404.857,27.56,60,,1950.0,0
405.167,27.59,60,,1950.0,0
405.479,27.56,60,,1950.0,0
405.804,27.66,60,,1980.0,0
406.116,27.82,60,,1980.0,0
406.43,27.82,60,,1980.0,0
406.742,27.94,60,,1980.0,0
407.055,27.89,60,,1980.0,0
407.365,27.77,60,,1980.0,0
407.676,27.73,60,,1980.0,0
407.988,27.68,60,,1950.0,0
408.297,27.35,60,,1950.0,0
408.609,27.51,60,,1950.0,0
408.918,27.53,60,,1980.0,0
409.244,27.63,60,,1980.0,0
409.555,27.7,60,,1980.0,0
409.866,27.89,60,,1980.0,0
410.179,27.91,60,,1980.0,0
410.489,27.94,60,,1980.0,0
410.797,27.89,60,,1980.0,0
411.111,27.89,60,,1980.0,0
411.419,27.91,60,,1980.0,0
411.739,27.87,60,,1980.0,0
412.053,27.94,60,,1950.0,0
412.054,27.87,60,,1950.0,0
412.369,27.94,60,,1950.0,0
412.685,27.91,60,,1980.0,0
413.001,27.89,60,,1980.0,0
413.315,28.05,60,,1980.0,0
413.629,27.99,60,,1980.0,0
413.943,28.08,60,,1980.0,0
414.256,28.08,60,,1980.0,0
414.572,28.01,60,,1980.0,0
414.885,28.06,60,,1980.0,0
415.2,28.1,60,,1980.0,0
415.512,28.1,60,,1980.0,0
415.828,28.03,60,,1980.0,0
416.142,28.12,60,,1980.0,0
416.448,27.87,60,,1980.0,0
416.767,27.91,60,,1980.0,0
417.079,28.01,60,,1980.0,0
417.392,28.06,60,,1980.0,0
417.705,28.22,60,,1980.0,0
418.021,28.19,60,,1980.0,0
418.334,28.1,60,,1980.0,0
418.649,28.01,60,,1980.0,0
418.962,28.06,60,,1980.0,0
419.264,28.08,60,,1980.0,0
419.576,28.22,60,,1980.0,0
419.58,28.25,60,,1980.0,0
419.89,28.48,60,,1980.0,0
420.205,28.55,60,,1980.0,0
420.518,28.55,60,,1980.0,0
420.832,28.38,60,,1980.0,0
421.141,28.46,60,,1980.0,0
421.459,28.43,60,,1980.0,0
421.772,28.39,60,,1980.0,0
422.087,28.43,60,,1980.0,0
422.385,28.41,60,,1980.0,0
422.7,28.25,60,,1980.0,0
423.016,28.18,60,,1980.0,0
423.328,28.17,60,,1980.0,0
423.64,28.06,60,,1980.0,0
423.956,28.06,60,,3360.0,0
424.268,28.05,60,,3360.0,0
424.583,28.1,60,,3360.0,0
424.895,28.17,60,,1980.0,0
425.211,28.05,60,,1980.0,0
425.525,28.06,60,,1980.0,0
425.823,28.1,60,,1980.0,0
426.139,28.08,60,,1980.0,0
426.456,28.24,60,,1980.0,0
426.77,28.18,60,,1980.0,0
427.085,28.08,60,,1980.0,0
427.399,28.06,60,,1980.0,0
427.713,27.98,60,,1980.0,0
427.715,28.06,60,,1980.0,0
428.028,28.18,60,,1980.0,0
428.344,28.27,60,,1980.0,0
428.659,28.46,60,,1980.0,0
428.973,28.32,60,,1980.0,0
429.287,28.17,60,,1980.0,0
429.602,28.17,60,,1980.0,0
429.902,28.1,60,,2010.0,0
430.216,28.19,60,,2010.0,0
430.532,28.41,60,,2010.0,0
430.845,28.41,60,,1980.0,0
431.153,28.36,60,,1980.0,0
431.469,28.45,60,,1980.0,0
431.78,28.43,60,,1980.0,0
432.097,28.38,60,,1980.0,0
432.411,28.36,60,,1980.0,0
432.725,28.25,60,,1980.0,0
433.038,28.32,60,,1980.0,0
433.349,28.53,60,,1980.0,0
433.662,28.47,60,,1980.0,0
433.973,28.53,60,,1980.0,0
434.286,28.48,60,,1980.0,0
434.597,28.31,60,,1980.0,0
434.909,28.41,60,,2010.0,0
435.221,28.45,60,,2010.0,0
435.535,28.48,60,,2010.0,0
435.536,28.41,60,,2010.0,0
435.846,28.36,60,,1980.0,0
436.158,28.48,60,,1980.0,0
436.47,28.53,60,,1980.0,0
436.781,28.46,60,,1980.0,0
437.089,28.62,60,,1980.0,0
437.413,28.64,60,,1980.0,0
437.726,28.57,60,,2010.0,0
438.037,28.66,60,,2010.0,0
438.349,28.64,60,,2010.0,0
438.651,28.5,60,,2010.0,0
438.975,28.53,60,,1980.0,0
439.287,28.53,60,,1980.0,0
439.598,28.53,60,,1980.0,0
439.907,28.57,60,,1980.0,0
440.217,28.62,60,,1980.0,0
440.528,28.64,60,,1980.0,0
440.843,28.52,60,,1980.0,0
441.153,28.57,60,,1980.0,0
441.463,28.31,60,,1980.0,0
441.775,28.32,60,,1980.0,0
442.101,28.32,60,,2010.0,0
442.407,28.27,60,,2010.0,0
442.718,28.5,60,,2010.0,0
443.035,28.5,60,,1980.0,0
443.343,28.48,60,,1980.0,0
443.655,28.46,60,,1980.0,0
443.975,28.34,60,,1980.0,0
443.976,28.34,60,,1980.0,0
444.291,28.36,60,,1980.0,0
444.591,28.38,60,,1980.0,0
444.907,28.38,60,,2010.0,0
445.221,28.48,60,,2010.0,0
445.535,28.53,60,,2010.0,0
445.851,28.5,60,,1980.0,0
446.15,28.67,60,,1980.0,0
446.466,28.83,60,,1980.0,0
446.782,28.69,60,,1980.0,0
447.093,28.64,60,,1980.0,0
447.408,28.46,60,,1980.0,0
447.723,28.39,60,,1980.0,0
448.04,28.31,60,,1980.0,0
448.338,28.46,60,,1980.0,0
448.655,28.55,60,,1980.0,0
448.969,28.6,60,,2010.0,0
449.282,28.64,60,,2010.0,0
449.597,28.66,60,,2010.0,0
449.908,28.66,60,,1980.0,0
450.222,28.52,60,,1980.0,0
450.536,28.57,60,,1980.0,0
450.845,28.41,60,,2010.0,0
451.166,28.46,60,,2010.0,0
451.483,28.6,60,,2010.0,0
451.799,28.57,60,,2010.0,0
451.8,28.78,60,,1980.0,0
452.103,28.81,60,,1980.0,0
452.433,28.81,60,,1980.0,0
452.751,28.71,60,,2010.0,0
453.066,28.53,60,,2010.0,0
453.38,28.52,60,,2010.0,0
453.693,28.39,60,,1980.0,0
454.008,28.57,60,,1980.0,0
454.321,28.62,60,,1980.0,0
454.634,28.59,60,,1980.0,0
454.934,28.52,60,,1980.0,0
455.248,28.46,60,,1980.0,0
455.563,28.46,60,,1980.0,0
455.878,28.48,60,,2010.0,0
456.192,28.55,60,,2010.0,0
456.495,28.57,60,,2010.0,0
456.808,28.55,60,,2010.0,0
457.123,28.6,60,,2010.0,0
457.437,28.66,60,,2010.0,0
457.745,28.66,60,,2010.0,0
458.057,28.71,60,,1980.0,0
458.38,28.76,60,,1980.0,0
458.696,28.8,60,,1980.0,0
459.01,28.69,60,,2010.0,0
459.323,28.78,60,,2010.0,0
459.325,28.57,60,,2010.0,0
459.634,28.59,60,,1980.0,0
459.961,28.76,60,,1980.0,0
460.274,28.71,60,,1980.0,0
460.585,28.85,60,,1980.0,0
460.896,28.81,60,,2010.0,0
461.212,28.97,60,,2010.0,0
461.523,28.87,60,,2010.0,0
461.835,28.87,60,,1980.0,0
462.149,28.8,60,,1980.0,0
462.45,28.66,60,,1980.0,0
462.765,28.59,60,,2010.0,0
463.079,28.57,60,,2010.0,0
463.392,28.69,60,,2010.0,0
463.705,28.78,60,,2010.0,0
464.02,28.87,60,,2010.0,0
464.331,29.08,60,,2010.0,0
464.644,29.01,60,,2010.0,0
464.956,28.94,60,,1980.0,0
465.265,28.83,60,,1980.0,0
465.58,28.73,60,,1980.0,0
465.893,28.73,60,,2010.0,0
466.204,28.76,60,,2010.0,0
466.515,28.87,60,,2010.0,0
466.827,28.85,60,,2010.0,0
467.138,28.9,60,,2010.0,0
467.451,28.97,60,,2010.0,0
467.452,29.01,60,,2010.0,0
467.761,29.01,60,,1980.0,0
468.075,28.92,60,,1980.0,0
468.386,28.94,60,,1980.0,0
468.699,28.8,60,,2010.0,0
469.012,28.8,60,,2010.0,0
469.322,28.83,60,,2010.0,0
469.635,28.85,60,,2010.0,0
469.961,28.99,60,,2010.0,0
470.273,28.95,60,,2010.0,0
470.587,28.95,60,,2010.0,0
470.899,28.9,60,,1980.0,0
471.212,28.9,60,,1980.0,0
471.525,28.94,60,,1980.0,0
471.839,29.24,60,,2010.0,0
472.164,29.24,60,,2010.0,0
472.476,29.06,60,,2010.0,0
472.789,29.18,60,,2010.0,0
473.097,28.83,60,,2010.0,0
473.408,28.76,60,,2010.0,0
473.721,28.92,60,,2010.0,0
474.035,28.85,60,,2010.0,0
474.344,28.88,60,,2010.0,0
474.655,28.95,60,,2010.0,0
474.965,28.92,60,,2010.0,0
475.275,28.9,60,,2010.0,0
475.276,28.99,60,,2010.0,0
475.588,28.94,60,,1980.0,0
475.914,29.04,60,,1980.0,0
476.225,29.13,60,,1980.0,0
476.536,29.18,60,,1980.0,0
476.838,29.2,60,,2010.0,0
477.159,29.15,60,,2010.0,0
477.475,29.13,60,,2010.0,0
477.784,29.08,60,,2010.0,0
478.097,29.09,60,,2010.0,0
478.41,29.15,60,,2010.0,0
478.72,29.18,60,,2010.0,0
479.032,29.18,60,,2010.0,0
479.344,29.06,60,,2010.0,0
479.654,29.04,60,,2010.0,0
479.966,28.99,60,,2010.0,0
480.276,28.95,60,,2010.0,0
480.601,29.06,60,,2010.0,0
480.912,29.11,60,,2010.0,0
481.225,29.18,60,,2010.0,0
481.536,29.2,60,,2010.0,0
481.847,29.16,60,,2010.0,0
482.159,29.08,60,,2010.0,0
482.472,28.99,60,,2010.0,0
482.783,29.01,60,,2010.0,0
483.092,28.99,60,,2010.0,0
483.405,28.85,60,,2010.0,0
483.406,29.01,60,,2010.0,0
483.716,28.92,60,,2010.0,0
484.026,28.95,60,,2010.0,0
484.353,28.92,60,,2010.0,0
484.651,28.97,60,,2010.0,0
484.978,29.08,60,,2010.0,0
485.288,29.04,60,,2010.0,0
485.602,29.09,60,,2010.0,0
485.914,29.08,60,,2010.0,0
486.225,29.02,60,,2010.0,0
486.534,29.06,60,,2010.0,0
486.848,29.13,60,,2010.0,0
487.161,29.02,60,,2010.0,0
487.473,29.16,60,,2010.0,0
487.784,28.35,60,,2010.0,0
488.097,28.37,60,,2010.0,0
488.41,28.5,60,,2010.0,0
488.721,28.36,60,,2010.0,0
489.025,29.17,60,,2040.0,0
489.345,28.99,60,,2040.0,0
489.656,29.04,60,,2040.0,0
489.969,29.08,60,,2010.0,0
490.284,29.04,60,,2010.0,0
490.598,29.04,60,,2010.0,0
490.911,28.99,60,,2010.0,0
491.227,28.95,60,,2010.0,0
491.229,28.95,60,,2010.0,0
491.542,28.99,60,,2010.0,0
491.855,28.99,60,,2010.0,0
492.168,28.97,60,,2010.0,0
492.482,28.97,60,,2010.0,0
492.797,28.92,60,,2010.0,0
493.112,29.01,60,,2010.0,0
493.425,29.02,60,,2010.0,0
493.737,29.04,60,,2010.0,0
494.051,29.06,60,,2010.0,0
494.364,29.02,60,,2010.0,0
494.678,28.97,60,,2010.0,0
494.991,28.92,60,,2010.0,0
495.305,28.83,60,,2010.0,0
495.62,28.78,60,,2010.0,0
495.933,28.85,60,,2040.0,0
496.247,28.85,60,,2040.0,0
496.562,28.97,60,,2040.0,0
496.877,28.88,60,,2010.0,0
497.191,28.88,60,,2010.0,0
497.504,28.88,60,,2010.0,0
497.807,28.71,60,,2010.0,0
498.121,28.8,60,,2010.0,0
498.431,28.66,60,,2010.0,0
498.744,28.69,60,,2010.0,0
499.059,28.94,60,,2010.0,0
499.06,28.95,60,,2010.0,0
499.384,29.13,60,,2010.0,0
499.696,29.08,60,,2010.0,0
500.008,29.2,60,,2010.0,0
500.32,29.18,60,,2010.0,0
500.631,29.2,60,,2010.0,0
500.946,29.29,60,,2010.0,0
501.257,28.95,60,,2010.0,0
501.57,28.97,60,,2010.0,0
501.882,28.95,60,,2010.0,0
502.192,28.95,60,,2010.0,0
502.503,29.09,60,,2010.0,0
502.813,29.01,60,,2040.0,0
503.127,29.02,60,,2040.0,0
503.438,29.15,60,,2040.0,0
503.75,29.27,60,,2010.0,0
504.063,29.22,60,,2010.0,0
504.374,29.39,60,,2010.0,0
504.686,29.32,60,,2010.0,0
504.997,29.25,60,,2010.0,0
505.311,29.39,60,,2010.0,0
505.623,29.32,60,,2010.0,0
505.936,29.2,60,,2010.0,0
506.249,29.23,60,,2010.0,0
506.561,29.11,60,,2010.0,0
506.875,29.2,60,,2010.0,0
507.185,29.13,60,,2010.0,0
507.186,29.15,60,,2010.0,0
507.498,29.18,60,,2010.0,0
507.81,29.2,60,,2010.0,0
508.121,29.25,60,,2010.0,0
508.431,29.2,60,,2010.0,0
508.745,28.9,60,,2040.0,0
509.071,28.83,60,,2040.0,0
509.382,28.74,60,,2040.0,0
509.694,28.9,60,,2010.0,0
510.004,29.27,60,,2010.0,0
510.318,29.24,60,,2010.0,0
510.63,29.31,60,,2010.0,0
510.944,29.25,60,,2010.0,0
511.255,29.25,60,,2010.0,0
511.566,29.31,60,,2010.0,0
511.88,29.25,60,,2010.0,0
512.192,29.29,60,,2010.0,0
512.506,29.2,60,,2010.0,0
512.819,29.29,60,,2040.0,0
513.128,29.29,60,,2040.0,0
513.439,29.18,60,,2040.0,0
513.751,29.23,60,,2040.0,0
514.065,29.23,60,,2010.0,0
514.377,29.22,60,,2010.0,0
514.688,29.25,60,,2010.0,0
514.999,29.15,60,,2010.0,0
515.312,29.22,60,,2010.0,0
515.313,29.15,60,,2010.0,0
515.624,29.24,60,,2040.0,0
515.937,29.29,60,,2040.0,0
516.25,29.43,60,,2040.0,0
516.56,29.54,60,,2040.0,0
516.872,29.39,60,,2010.0,0
517.182,29.34,60,,2010.0,0
517.509,29.13,60,,2010.0,0
517.82,29.08,60,,2010.0,0
518.134,29.18,60,,2010.0,0
518.445,29.18,60,,2010.0,0
518.756,29.02,60,,2040.0,0
519.065,29.04,60,,2040.0,0
519.379,28.94,60,,2040.0,0
519.692,28.95,60,,2040.0,0
520.005,29.13,60,,2010.0,0
520.316,29.06,60,,2010.0,0
520.628,29.11,60,,2010.0,0
520.939,29.06,60,,2010.0,0
521.248,29.03,60,,2010.0,0
521.561,29.08,60,,2010.0,0
521.871,28.88,60,,2040.0,0
522.183,29.13,60,,2040.0,0
522.507,29.22,60,,2040.0,0
522.821,29.25,60,,2040.0,0
523.132,29.34,60,,2010.0,0
523.444,29.32,60,,2010.0,0
523.445,29.2,60,,2010.0,0
523.755,29.23,60,,2010.0,0
524.057,29.22,60,,2010.0,0
524.387,29.22,60,,2010.0,0
524.704,29.38,60,,2040.0,0
525.02,29.48,60,,2040.0,0
525.337,29.5,60,,2040.0,0
525.635,29.5,60,,2040.0,0
525.961,29.5,60,,2010.0,0
526.26,29.5,60,,2010.0,0
526.59,29.46,60,,2010.0,0
526.914,29.5,60,,2010.0,0
527.227,29.59,60,,2010.0,0
527.537,29.45,60,,2010.0,0
527.851,29.46,60,,2040.0,0
528.163,29.46,60,,2040.0,0
528.473,29.31,60,,2040.0,0
528.785,29.43,60,,2040.0,0
529.099,29.34,60,,2010.0,0
529.409,29.34,60,,2010.0,0
529.72,29.32,60,,2010.0,0
530.032,29.22,60,,2040.0,0
530.34,28.99,60,,2040.0,0
530.654,28.88,60,,2040.0,0
530.963,29.08,60,,2040.0,0
530.966,29.2,60,,2040.0,0
531.29,29.5,60,,2040.0,0
531.601,29.61,60,,2040.0,0
531.912,29.52,60,,2010.0,0
532.223,29.45,60,,2010.0,0
532.534,29.38,60,,2010.0,0
532.845,29.39,60,,2040.0,0
533.157,29.55,60,,2040.0,0
533.47,29.53,60,,2040.0,0
533.781,29.55,60,,2010.0,0
534.095,29.57,60,,2010.0,0
534.404,29.41,60,,2010.0,0
534.714,29.62,60,,2040.0,0
535.027,29.64,60,,2040.0,0
535.353,29.55,60,,2040.0,0
535.664,29.59,60,,2040.0,0
535.973,29.45,60,,2010.0,0
536.285,29.45,60,,2010.0,0
536.598,29.38,60,,2010.0,0
536.909,29.48,60,,2040.0,0
537.219,29.39,60,,2040.0,0
537.529,29.39,60,,2040.0,0
537.839,29.39,60,,2010.0,0
538.151,29.36,60,,2010.0,0
538.464,29.39,60,,2010.0,0
538.789,29.25,60,,2010.0,0
538.793,29.27,60,,2040.0,0
539.1,29.25,60,,2040.0,0
539.413,29.27,60,,2040.0,0
539.725,29.39,60,,2040.0,0
540.036,29.43,60,,2040.0,0
540.349,29.5,60,,2040.0,0
540.662,29.59,60,,2010.0,0
540.971,29.52,60,,2010.0,0
541.287,29.48,60,,2010.0,0
541.588,29.48,60,,2010.0,0
541.905,29.32,60,,2040.0,0
542.222,29.39,60,,2040.0,0
542.537,29.46,60,,2040.0,0
542.853,29.36,60,,2010.0,0
543.17,29.38,60,,2010.0,0
543.483,29.2,60,,2010.0,0
543.8,29.29,60,,2040.0,0
544.116,29.36,60,,2040.0,0
544.418,29.34,60,,2040.0,0
544.735,29.48,60,,2040.0,0
545.048,29.41,60,,2010.0,0
545.363,29.31,60,,2010.0,0
545.68,29.29,60,,2010.0,0
545.993,29.27,60,,2040.0,0
546.294,29.27,60,,2040.0,0
546.608,29.38,60,,2040.0,0
546.923,29.24,60,,2010.0,0
546.924,29.01,60,,2010.0,0
547.241,29.06,60,,2010.0,0
547.541,28.96,60,,2010.0,0
547.857,29.15,60,,2040.0,0
548.174,29.11,60,,2040.0,0
548.487,29.34,60,,2040.0,0
548.803,29.41,60,,2040.0,0
549.12,29.41,60,,2040.0,0
549.436,29.38,60,,2040.0,0
549.753,29.46,60,,2010.0,0
550.07,29.5,60,,2010.0,0
550.375,29.43,60,,2010.0,0
550.684,29.5,60,,2010.0,0
551.0,29.41,60,,2040.0,0
551.317,29.36,60,,2040.0,0
551.63,29.36,60,,2040.0,0
551.947,29.34,60,,2010.0,0
552.247,29.38,60,,2010.0,0
552.563,29.32,60,,2010.0,0
552.878,29.03,60,,2040.0,0
553.192,28.94,60,,2040.0,0
553.498,28.85,60,,2040.0,0
553.812,28.88,60,,2040.0,0
554.12,28.92,60,,2010.0,0
554.435,29.23,60,,2010.0,0
554.748,29.31,60,,2010.0,0
554.749,29.23,60,,2040.0,0
555.062,29.32,60,,2040.0,0
555.378,29.27,60,,2040.0,0
555.691,29.38,60,,2040.0,0
556.006,29.32,60,,2040.0,0
556.307,29.29,60,,2040.0,0
556.622,29.24,60,,2040.0,0
556.937,29.18,60,,2010.0,0
557.251,29.32,60,,2010.0,0
557.564,29.1,60,,2010.0,0
557.87,29.2,60,,2040.0,0
558.193,29.2,60,,2040.0,0
558.506,29.27,60,,2040.0,0
558.821,29.36,60,,2040.0,0
559.133,29.22,60,,2040.0,0
559.446,29.27,60,,2040.0,0
559.76,29.18,60,,2040.0,0
560.074,29.29,60,,2010.0,0
560.387,29.39,60,,2010.0,0
560.699,29.41,60,,2010.0,0
561.012,29.38,60,,2040.0,0
561.327,29.36,60,,2040.0,0
561.639,29.38,60,,2040.0,0
561.953,29.27,60,,2040.0,0
562.266,29.41,60,,2040.0,0
562.574,29.41,60,,2040.0,0
562.576,29.5,60,,2040.0,0
562.888,29.53,60,,2040.0,0
563.2,29.5,60,,2040.0,0
563.513,29.53,60,,2040.0,0
563.837,29.52,60,,2010.0,0
564.15,29.41,60,,2010.0,0
564.479,29.32,60,,2010.0,0
564.776,29.29,60,,2040.0,0
565.089,29.29,60,,2040.0,0
565.415,29.41,60,,2040.0,0
565.725,29.46,60,,2040.0,0
566.035,29.71,60,,2040.0,0
566.341,29.69,60,,2040.0,0
566.656,29.68,60,,2040.0,0
566.968,29.66,60,,2040.0,0
567.28,29.45,60,,2040.0,0
567.592,29.36,60,,2040.0,0
567.907,29.41,60,,2040.0,0
568.219,29.45,60,,2040.0,0
568.531,29.45,60,,2040.0,0
568.842,29.48,60,,2040.0,0
569.156,29.48,60,,2040.0,0
569.469,29.55,60,,2040.0,0
569.78,29.62,60,,2040.0,0
570.093,29.68,60,,2040.0,0
570.404,29.66,60,,2040.0,0
570.406,29.61,60,,2040.0,0
570.717,29.43,60,,2040.0,0
571.03,29.38,60,,2040.0,0
571.343,29.41,60,,2040.0,0
571.658,29.62,60,,2040.0,0
571.973,29.75,60,,2040.0,0
572.287,29.73,60,,2040.0,0
572.6,29.64,60,,2040.0,0
572.911,29.5,60,,2040.0,0
573.214,29.53,60,,2040.0,0
573.529,29.68,60,,2040.0,0
573.843,29.61,60,,2040.0,0
574.156,29.69,60,,2040.0,0
574.469,29.62,60,,2040.0,0
574.783,29.69,60,,2040.0,0
575.099,29.68,60,,2040.0,0
575.413,29.59,60,,2040.0,0
575.727,29.55,60,,2040.0,0
576.025,29.39,60,,2040.0,0
576.353,29.38,60,,2040.0,0
576.669,29.29,60,,2040.0,0
576.983,29.34,60,,2040.0,0
577.298,29.36,60,,2040.0,0
577.611,29.34,60,,2040.0,0
577.927,29.32,60,,2040.0,0
577.929,29.34,60,,2040.0,0
578.24,29.38,60,,2040.0,0
578.551,29.36,60,,2040.0,0
578.865,29.45,60,,2040.0,0
579.175,29.59,60,,2040.0,0
579.488,29.62,60,,2040.0,0
579.8,29.61,60,,2040.0,0
580.111,29.78,60,,2040.0,0
580.423,29.64,60,,2040.0,0
580.731,29.8,60,,2070.0,0
581.044,29.89,60,,2070.0,0
581.355,29.76,60,,2070.0,0
581.668,29.82,60,,2070.0,0
581.981,29.71,60,,2040.0,0
582.294,29.68,60,,2040.0,0
582.605,29.57,60,,2040.0,0
582.916,29.48,60,,2040.0,0
583.228,29.46,60,,2040.0,0
583.552,29.57,60,,2040.0,0
583.865,29.8,60,,2040.0,0
584.178,29.85,60,,2040.0,0
584.49,29.64,60,,2040.0,0
584.801,29.61,60,,2040.0,0
585.112,29.61,60,,2040.0,0
585.425,29.61,60,,2040.0,0
585.738,29.82,60,,2040.0,0
586.048,29.73,60,,2040.0,0
586.36,29.66,60,,2040.0,0
586.362,29.57,60,,2040.0,0
586.67,29.5,60,,2040.0,0
586.983,29.57,60,,2040.0,0
587.296,29.48,60,,2040.0,0
587.611,29.38,60,,2040.0,0
587.926,29.17,60,,2070.0,0
588.239,29.02,60,,2070.0,0
588.55,29.17,60,,2070.0,0
588.863,29.31,60,,2040.0,0
589.176,29.43,60,,2040.0,0
589.489,29.57,60,,2040.0,0
589.799,29.53,60,,2040.0,0
590.111,29.57,60,,2040.0,0
590.424,29.57,60,,2040.0,0
590.733,29.5,60,,2040.0,0
591.044,29.46,60,,2040.0,0
591.354,29.27,60,,2040.0,0
591.666,29.34,60,,2040.0,0
591.996,29.39,60,,2040.0,0
592.309,29.46,60,,2040.0,0
592.622,29.71,60,,2040.0,0
592.933,29.73,60,,2070.0,0
593.245,29.73,60,,2070.0,0
593.572,29.8,60,,2070.0,0
593.87,29.59,60,,2040.0,0
594.182,29.39,60,,2040.0,0
594.184,29.48,60,,2040.0,0
594.494,29.32,60,,2040.0,0
594.82,29.32,60,,2040.0,0
595.131,29.39,60,,2040.0,0
595.443,29.36,60,,2040.0,0
595.754,29.52,60,,2040.0,0
596.064,29.53,60,,2040.0,0
596.376,29.62,60,,2040.0,0
596.69,29.55,60,,2070.0,0
596.998,29.45,60,,2070.0,0
597.311,29.43,60,,2070.0,0
597.624,29.41,60,,2070.0,0
597.935,29.45,60,,2040.0,0
598.245,29.57,60,,2040.0,0
598.557,29.8,60,,2040.0,0
598.884,29.91,60,,2040.0,0
599.195,29.94,60,,2040.0,0
599.508,29.87,60,,2040.0,0
599.81,29.73,60,,2040.0,0
600.124,29.62,60,,2040.0,0
600.438,29.48,60,,2040.0,0
600.748,29.52,60,,2040.0,0
601.057,29.57,60,,2040.0,0
601.383,29.57,60,,2040.0,0
601.686,29.55,60,,2040.0,0
602.001,29.43,60,,2070.0,0
602.313,29.32,60,,2070.0,0
602.314,29.31,60,,2070.0,0
602.621,29.15,60,,2040.0,0
602.935,29.25,60,,2040.0,0
603.25,29.27,60,,2040.0,0
603.567,29.29,60,,2040.0,0
603.884,29.38,60,,2040.0,0
604.198,29.46,60,,2040.0,0
604.511,29.62,60,,2040.0,0
604.827,29.62,60,,2040.0,0
605.142,29.71,60,,2040.0,0
605.453,29.55,60,,2040.0,0
605.768,29.73,60,,2070.0,0
606.083,29.71,60,,2070.0,0
606.398,29.71,60,,2070.0,0
606.698,29.84,60,,2070.0,0
607.014,29.8,60,,2040.0,0
607.326,29.85,60,,2040.0,0
607.639,29.92,60,,2040.0,0
607.948,29.92,60,,2040.0,0
608.26,29.78,60,,2040.0,0
608.586,29.78,60,,2040.0,0
608.9,29.8,60,,2040.0,0
609.227,29.85,60,,2040.0,0
609.525,29.69,60,,2040.0,0
609.841,29.73,60,,2040.0,0
609.842,29.57,60,,2070.0,0
610.155,29.64,60,,2070.0,0
610.467,29.71,60,,2070.0,0
610.779,29.62,60,,2040.0,0
611.092,29.03,60,,2040.0,0
611.405,28.95,60,,2040.0,0
611.72,29.07,60,,2040.0,0
612.035,29.03,60,,2040.0,0
612.349,29.66,60,,2040.0,0
612.663,29.69,60,,2040.0,0
612.978,29.61,60,,2070.0,0
613.292,29.55,60,,2070.0,0
613.608,29.64,60,,2070.0,0
613.923,29.55,60,,2040.0,0
614.239,29.54,60,,2040.0,0
614.553,29.45,60,,2040.0,0
614.865,29.53,60,,2040.0,0
615.181,29.64,60,,2040.0,0
615.496,29.61,60,,2040.0,0
615.807,29.53,60,,2040.0,0
616.133,29.55,60,,2070.0,0
616.446,29.57,60,,2070.0,0
616.758,29.66,60,,2070.0,0
617.071,29.76,60,,2040.0,0
617.073,29.75,60,,2040.0,0
617.384,29.73,60,,2040.0,0
617.694,29.64,60,,2040.0,0
618.005,29.55,60,,2040.0,0
618.321,29.57,60,,2040.0,0
618.634,29.69,60,,2070.0,0
618.933,29.73,60,,2070.0,0
619.247,29.69,60,,2070.0,0
619.559,29.73,60,,2070.0,0
619.873,29.59,60,,2040.0,0
620.187,29.66,60,,2040.0,0
620.499,29.78,60,,2040.0,0
620.808,29.77,60,,2040.0,0
621.132,29.84,60,,2040.0,0
621.443,29.73,60,,2040.0,0
621.755,29.59,60,,2070.0,0
622.067,29.59,60,,2070.0,0
622.376,29.55,60,,2070.0,0
622.685,29.57,60,,2070.0,0
622.997,29.53,60,,2040.0,0
623.313,29.53,60,,2040.0,0
623.627,29.53,60,,2040.0,0
623.944,29.46,60,,2040.0,0
624.259,29.48,60,,2040.0,0
624.559,29.53,60,,2040.0,0
624.873,29.55,60,,2040.0,0
625.188,29.59,60,,2040.0,0
625.19,29.53,60,,2040.0,0
625.505,29.5,60,,2040.0,0
625.821,29.43,60,,2070.0,0
626.122,29.41,60,,2070.0,0
626.438,29.18,60,,2070.0,0
626.755,29.2,60,,2040.0,0
627.071,29.09,60,,2040.0,0
627.373,29.09,60,,2040.0,0
627.686,29.25,60,,2040.0,0
628.001,29.5,60,,2040.0,0
628.319,29.62,60,,2040.0,0
628.62,29.64,60,,2040.0,0
628.933,29.52,60,,2040.0,0
629.248,29.36,60,,2040.0,0
629.56,29.39,60,,2040.0,0
629.879,29.43,60,,2070.0,0
630.194,29.39,60,,2070.0,0
630.495,29.43,60,,2070.0,0
630.823,29.5,60,,2040.0,0
631.138,29.55,60,,2040.0,0
631.449,29.55,60,,2040.0,0
631.767,29.55,60,,2040.0,0
632.08,29.46,60,,2040.0,0
632.395,29.48,60,,2040.0,0
632.71,29.45,60,,2040.0,0
633.026,29.52,60,,2070.0,0
633.029,29.46,60,,2070.0,0
633.338,29.34,60,,2070.0,0
633.652,29.36,60,,2040.0,0
633.965,29.57,60,,2040.0,0
634.279,29.69,60,,2040.0,0
634.595,29.85,60,,2040.0,0
634.911,29.82,60,,2040.0,0
635.214,29.8,60,,2040.0,0
635.535,29.64,60,,2040.0,0
635.849,29.57,60,,2070.0,0
636.161,29.66,60,,2070.0,0
636.477,29.71,60,,2070.0,0
636.777,29.78,60,,2040.0,0
637.089,29.69,60,,2040.0,0
637.404,29.61,60,,2040.0,0
637.719,29.53,60,,2040.0,0
638.031,29.43,60,,2070.0,0
638.345,29.55,60,,2070.0,0
638.659,29.59,60,,2070.0,0
638.972,29.62,60,,2040.0,0
639.286,29.62,60,,2040.0,0
639.599,29.59,60,,2040.0,0
639.912,29.71,60,,2070.0,0
640.227,29.69,60,,2070.0,0
640.539,29.75,60,,2070.0,0
640.544,29.66,60,,2070.0,0
640.851,29.59,60,,2040.0,0
641.152,29.57,60,,2040.0,0
641.467,29.5,60,,2040.0,0
641.782,29.61,60,,2040.0,0
642.093,29.48,60,,2040.0,0
642.407,29.45,60,,2040.0,0
642.72,29.46,60,,2070.0,0
643.034,29.43,60,,2070.0,0
643.347,29.5,60,,2070.0,0
643.661,29.64,60,,2070.0,0
643.975,29.55,60,,2040.0,0
644.287,29.61,60,,2040.0,0
644.601,29.64,60,,2040.0,0
644.914,29.41,60,,2070.0,0
645.213,29.43,60,,2070.0,0
645.528,29.46,60,,2070.0,0
645.842,29.45,60,,2040.0,0
646.157,29.59,60,,2040.0,0
646.47,29.61,60,,2040.0,0
646.785,29.57,60,,2040.0,0
647.099,29.39,60,,2070.0,0
647.413,29.36,60,,2070.0,0
647.728,29.5,60,,2070.0,0
648.026,29.57,60,,2040.0,0
648.34,29.75,60,,2040.0,0
648.654,29.61,60,,2040.0,0
648.968,29.55,60,,2070.0,0
649.28,29.55,60,,2070.0,0
649.281,29.57,60,,2070.0,0
649.593,29.71,60,,2040.0,0
649.901,29.59,60,,2040.0,0
650.22,29.57,60,,2040.0,0
650.534,29.62,60,,2040.0,0
650.847,29.68,60,,2070.0,0
651.162,29.75,60,,2070.0,0
651.476,29.75,60,,2070.0,0
651.788,29.78,60,,2040.0,0
652.098,29.69,60,,2040.0,0
652.413,29.68,60,,2040.0,0
652.723,29.66,60,,2040.0,0
653.035,29.59,60,,2040.0,0
653.347,29.57,60,,2040.0,0
653.658,29.55,60,,2040.0,0
653.971,29.46,60,,2070.0,0
654.284,29.53,60,,2070.0,0
654.594,29.64,60,,2070.0,0
654.908,29.8,60,,2040.0,0
655.223,29.84,60,,2040.0,0
655.535,29.82,60,,2040.0,0
655.845,29.71,60,,2070.0,0
656.155,29.52,60,,2070.0,0
656.469,29.62,60,,2070.0,0
656.78,29.66,60,,2070.0,0
657.093,29.57,60,,2040.0,0
657.405,29.53,60,,2040.0,0
657.407,29.62,60,,2040.0,0
657.716,29.64,60,,2070.0,0
658.03,29.59,60,,2070.0,0
658.339,29.66,60,,2070.0,0
658.655,29.48,60,,2040.0,0
658.964,29.36,60,,2040.0,0
659.278,29.48,60,,2040.0,0
659.589,29.39,60,,2040.0,0
659.915,29.52,60,,2040.0,0
660.215,29.46,60,,2040.0,0
660.526,29.55,60,,2040.0,0
660.85,29.59,60,,2070.0,0
661.164,29.55,60,,2070.0,0
661.473,29.62,60,,2070.0,0
661.783,29.59,60,,2040.0,0
662.096,29.53,60,,2040.0,0
662.401,29.55,60,,2040.0,0
662.721,29.43,60,,2040.0,0
663.034,29.36,60,,2070.0,0
663.349,29.43,60,,2070.0,0
663.666,29.38,60,,2070.0,0
663.963,29.43,60,,2040.0,0
664.278,29.5,60,,2040.0,0
664.592,29.43,60,,2040.0,0
664.907,29.55,60,,2070.0,0
665.221,29.62,60,,2070.0,0
665.536,29.43,60,,2070.0,0
665.538,29.64,60,,2070.0,0
665.849,29.59,60,,2040.0,0
666.164,29.54,60,,2040.0,0
666.477,29.57,60,,2040.0,0
666.791,29.5,60,,2070.0,0
667.118,29.41,60,,2070.0,0
667.431,29.48,60,,2070.0,0
667.733,29.5,60,,2040.0,0
668.045,29.46,60,,2040.0,0
668.353,29.53,60,,2040.0,0
668.674,29.55,60,,2040.0,0
668.99,29.61,60,,2070.0,0
669.302,29.62,60,,2070.0,0
669.618,29.45,60,,2070.0,0
669.918,28.72,60,,2040.0,0
670.23,28.66,60,,2040.0,0
670.545,28.58,60,,2040.0,0
670.858,28.72,60,,2070.0,0
671.172,29.34,60,,2070.0,0
671.486,29.38,60,,2070.0,0
671.797,29.41,60,,2070.0,0
672.112,29.43,60,,2040.0,0
672.426,29.55,60,,2040.0,0
672.735,29.48,60,,2040.0,0
673.053,29.57,60,,2070.0,0
673.055,29.59,60,,2070.0,0
673.364,29.62,60,,2070.0,0
673.679,29.64,60,,2040.0,0
673.992,29.69,60,,2040.0,0
674.307,29.76,60,,2040.0,0
674.633,29.71,60,,2040.0,0
674.947,29.68,60,,2070.0,0
675.261,29.78,60,,2070.0,0
675.577,29.73,60,,2070.0,0
675.892,29.8,60,,2070.0,0
676.207,29.8,60,,2070.0,0
676.521,29.76,60,,2070.0,0
676.835,29.68,60,,2040.0,0
677.141,29.71,60,,2040.0,0
677.449,29.77,60,,2040.0,0
677.764,29.77,60,,2070.0,0
678.079,29.66,60,,2070.0,0
678.392,29.91,60,,2070.0,0
678.708,29.85,60,,2070.0,0
679.022,29.92,60,,2070.0,0
679.335,29.96,60,,2070.0,0
679.648,29.92,60,,2070.0,0
679.951,30.24,60,,2070.0,0
680.265,30.35,60,,2070.0,0
680.58,30.33,60,,2070.0,0
680.582,30.41,60,,2070.0,0
680.895,30.44,60,,2070.0,0
681.208,30.0,60,,2070.0,0
681.521,29.44,60,,2070.0,0
681.835,29.19,60,,2040.0,0
682.148,29.17,60,,2040.0,0
682.461,29.08,60,,2040.0,0
682.777,29.41,60,,2070.0,0
683.091,29.32,60,,2070.0,0
683.4,29.25,60,,2070.0,0
683.728,29.27,60,,2070.0,0
684.027,29.41,60,,2070.0,0
684.339,29.73,60,,2070.0,0
684.651,29.71,60,,2070.0,0
684.964,29.71,60,,2070.0,0
685.275,29.53,60,,2070.0,0
685.589,29.48,60,,2070.0,0
685.903,29.39,60,,2070.0,0
686.216,29.48,60,,2070.0,0
686.528,29.84,60,,2070.0,0
686.838,29.96,60,,2070.0,0
687.165,29.93,60,,2070.0,0
687.475,29.87,60,,2070.0,0
687.789,29.57,60,,2070.0,0
688.101,29.66,60,,2070.0,0
688.414,29.62,60,,2070.0,0
688.415,29.59,60,,2070.0,0
688.725,29.7,60,,2070.0,0
689.039,29.48,60,,2070.0,0
689.349,29.69,60,,2070.0,0
689.661,29.76,60,,2040.0,0
689.973,29.53,60,,2040.0,0
690.285,29.61,60,,2040.0,0
690.6,29.53,60,,2040.0,0
690.912,29.48,60,,2070.0,0
691.224,29.52,60,,2070.0,0
691.538,29.55,60,,2070.0,0
691.848,29.59,60,,2070.0,0
692.159,29.59,60,,2070.0,0
692.47,29.57,60,,2070.0,0
692.784,29.52,60,,2070.0,0
693.095,29.53,60,,2070.0,0
693.407,29.61,60,,2070.0,0
693.72,29.55,60,,2070.0,0
694.031,29.64,60,,2070.0,0
694.344,29.61,60,,2070.0,0
694.657,29.55,60,,2070.0,0
694.968,29.61,60,,2070.0,0
695.28,29.59,60,,2070.0,0
695.592,29.61,60,,2070.0,0
695.904,29.66,60,,2070.0,0
696.217,29.66,60,,2070.0,0
696.531,29.66,60,,2070.0,0
696.842,29.57,60,,2070.0,0
696.844,29.59,60,,2070.0,0
697.153,29.5,60,,2070.0,0
697.463,29.45,60,,2070.0,0
697.776,29.59,60,,2070.0,0
698.088,29.52,60,,2070.0,0
698.401,29.62,60,,2070.0,0
698.725,29.5,60,,2070.0,0
699.037,29.52,60,,2070.0,0
699.348,29.62,60,,2070.0,0
699.66,29.64,60,,2070.0,0
699.971,29.59,60,,2070.0,0
700.283,29.71,60,,2070.0,0
700.599,29.69,60,,2070.0,0
700.91,29.62,60,,2070.0,0
701.221,29.69,60,,2070.0,0
701.535,29.75,60,,2070.0,0
701.849,29.82,60,,2070.0,0
702.161,29.94,60,,2070.0,0
702.471,29.82,60,,2070.0,0
702.784,29.68,60,,2070.0,0
703.097,29.82,60,,2070.0,0
703.407,29.78,60,,2070.0,0
703.72,29.89,60,,2070.0,0
704.031,29.96,60,,2100.0,0
704.341,29.82,60,,2100.0,0
704.654,29.78,60,,2100.0,0
704.965,29.78,60,,2070.0,0
704.967,29.69,60,,2070.0,0
705.279,29.71,60,,2070.0,0
705.591,29.64,60,,2070.0,0
705.903,29.69,60,,2070.0,0
706.216,29.68,60,,2070.0,0
706.526,29.62,60,,2070.0,0
706.838,29.59,60,,2070.0,0
707.151,29.52,60,,2070.0,0
707.477,29.69,60,,2070.0,0
707.787,29.62,60,,2070.0,0
708.099,29.71,60,,2070.0,0
708.411,29.62,60,,2070.0,0
708.723,29.59,60,,2070.0,0
709.033,29.57,60,,2070.0,0
709.345,29.61,60,,2070.0,0
709.658,29.62,60,,2070.0,0
709.967,29.57,60,,2070.0,0
710.28,29.53,60,,2070.0,0
710.592,29.5,60,,2070.0,0
710.903,29.55,60,,2070.0,0
711.216,29.5,60,,2070.0,0
711.528,29.46,60,,2070.0,0
711.838,29.41,60,,2070.0,0
712.165,29.38,60,,2070.0,0
712.467,29.66,60,,2070.0,0
712.783,29.61,60,,2070.0,0
713.099,29.59,60,,2070.0,0
713.101,29.64,60,,2070.0,0
713.414,29.43,60,,2070.0,0
713.725,29.78,60,,2070.0,0
714.036,29.87,60,,2070.0,0
714.347,29.91,60,,2070.0,0
714.659,29.84,60,,2100.0,0
714.972,29.69,60,,2100.0,0
715.284,29.98,60,,2100.0,0
715.594,29.96,60,,2100.0,0
715.905,29.73,60,,2070.0,0
716.218,29.77,60,,2070.0,0
716.526,29.61,60,,2070.0,0
716.853,29.5,60,,2070.0,0
717.164,29.73,60,,2070.0,0
717.477,29.64,60,,2070.0,0
717.788,29.59,60,,2070.0,0
718.101,29.46,60,,2070.0,0
718.413,29.53,60,,2070.0,0
718.725,29.43,60,,2070.0,0
719.036,29.5,60,,2070.0,0
719.348,29.45,60,,2070.0,0
719.658,29.62,60,,2070.0,0
719.963,29.69,60,,2070.0,0
720.283,29.57,60,,2070.0,0
720.592,29.84,60,,2070.0,0
720.906,29.71,60,,2100.0,0
721.214,29.69,60,,2100.0,0
721.53,29.77,60,,2100.0,0
721.531,29.59,60,,2100.0,0
721.841,29.66,60,,2070.0,0
722.151,29.61,60,,2070.0,0
722.463,29.64,60,,2070.0,0
722.777,29.68,60,,2070.0,0
723.088,29.68,60,,2070.0,0
723.403,29.69,60,,2070.0,0
723.716,29.71,60,,2070.0,0
724.043,29.5,60,,2070.0,0
724.355,29.53,60,,2070.0,0
724.666,29.36,60,,2070.0,0
724.979,29.11,60,,2070.0,0
725.292,29.11,60,,2070.0,0
725.618,29.09,60,,2070.0,0
725.928,29.29,60,,2070.0,0
726.24,29.53,60,,2070.0,0
726.556,29.53,60,,2070.0,0
726.868,29.52,60,,2100.0,0
727.18,29.59,60,,2100.0,0
727.491,29.52,60,,2100.0,0
727.803,29.46,60,,2100.0,0
728.117,29.53,60,,2070.0,0
728.429,29.53,60,,2070.0,0
728.74,29.66,60,,2070.0,0
729.051,29.73,60,,2070.0,0
729.053,29.61,60,,2070.0,0
729.363,29.62,60,,2070.0,0
729.674,29.48,60,,2070.0,0
729.984,29.41,60,,2070.0,0
730.297,29.57,60,,2070.0,0
730.612,29.46,60,,2070.0,0
730.921,29.45,60,,2070.0,0
731.23,29.62,60,,2070.0,0
731.556,29.48,60,,2070.0,0
731.853,29.48,60,,2100.0,0
732.179,29.55,60,,2100.0,0
732.492,29.52,60,,2100.0,0
732.802,29.57,60,,2070.0,0
733.112,29.68,60,,2070.0,0
733.425,29.52,60,,2070.0,0
733.736,29.62,60,,2070.0,0
734.05,29.61,60,,2070.0,0
734.365,29.55,60,,2070.0,0
734.677,29.64,60,,2070.0,0
734.988,29.61,60,,2070.0,0
735.3,29.61,60,,2070.0,0
735.611,29.64,60,,2070.0,0
735.924,29.66,60,,2100.0,0
736.236,29.62,60,,2100.0,0
736.547,29.62,60,,2100.0,0
736.859,29.43,60,,2070.0,0
737.172,29.41,60,,2070.0,0
737.177,29.38,60,,2070.0,0
737.485,29.41,60,,2070.0,0
737.798,29.46,60,,2070.0,0
738.109,29.61,60,,2070.0,0
738.421,29.57,60,,2070.0,0
738.731,29.61,60,,2070.0,0
739.044,29.62,60,,2070.0,0
739.356,29.57,60,,2070.0,0
739.666,29.66,60,,2070.0,0
739.979,29.64,60,,2070.0,0
740.291,29.69,60,,2070.0,0
740.618,29.59,60,,2070.0,0
740.928,29.69,60,,2100.0,0
741.237,29.59,60,,2100.0,0
741.549,29.57,60,,2100.0,0
741.862,29.52,60,,2070.0,0
742.174,29.32,60,,2070.0,0
742.486,29.52,60,,2070.0,0
742.799,29.59,60,,2070.0,0
743.112,29.68,60,,2070.0,0
743.424,29.66,60,,2070.0,0
743.738,29.66,60,,2070.0,0
744.054,29.68,60,,2070.0,0
744.367,29.66,60,,2070.0,0
744.679,29.69,60,,2070.0,0
744.993,29.57,60,,2100.0,0
745.291,29.57,60,,2100.0,0
745.62,29.64,60,,2100.0,0
745.622,29.75,60,,2070.0,0
745.932,29.84,60,,2070.0,0
746.26,28.92,60,,2070.0,0
746.576,28.95,60,,2070.0,0
746.889,28.85,60,,2070.0,0
747.204,28.77,60,,2070.0,0
747.517,29.52,60,,2070.0,0
747.827,29.52,60,,2100.0,0
748.139,29.68,60,,2100.0,0
748.45,29.71,60,,2100.0,0
748.763,29.76,60,,2070.0,0
749.077,29.69,60,,2070.0,0
749.391,29.54,60,,2070.0,0
749.704,29.73,60,,2070.0,0
750.016,29.73,60,,2070.0,0
750.33,29.68,60,,2070.0,0
750.642,29.66,60,,2070.0,0
750.953,29.48,60,,2100.0,0
751.266,29.62,60,,2100.0,0
751.579,29.86,60,,2100.0,0
751.891,30.17,60,,2070.0,0
752.202,30.23,60,,2070.0,0
752.515,30.23,60,,2070.0,0
752.826,30.14,60,,2070.0,0
752.831,30.12,60,,2070.0,0
753.137,30.21,60,,2070.0,0
753.449,29.96,60,,2070.0,0
753.767,29.85,60,,2100.0,0
754.077,29.64,60,,2100.0,0
754.388,29.78,60,,2100.0,0
754.698,29.73,60,,2070.0,0
755.013,29.57,60,,2070.0,0
755.327,29.55,60,,2070.0,0
755.636,29.55,60,,2070.0,0
755.949,29.25,60,,2070.0,0
756.275,29.29,60,,2070.0,0
756.585,29.29,60,,2070.0,0
756.896,29.25,60,,2070.0,0
757.209,29.62,60,,2070.0,0
757.521,29.62,60,,2070.0,0
757.835,29.85,60,,2100.0,0
758.149,29.94,60,,2100.0,0
758.459,29.94,60,,2100.0,0
758.771,29.84,60,,2100.0,0
759.085,29.55,60,,2070.0,0
759.397,29.2,60,,2070.0,0
759.711,29.04,60,,2070.0,0
760.024,29.13,60,,2070.0,0
760.334,29.09,60,,2070.0,0
760.646,29.22,60,,2070.0,0
760.96,29.43,60,,2100.0,0
760.962,29.41,60,,2100.0,0
761.273,29.53,60,,2100.0,0
761.583,29.45,60,,2100.0,0
761.895,29.52,60,,2070.0,0
762.207,29.48,60,,2070.0,0
762.52,29.59,60,,2070.0,0
762.831,29.71,60,,2070.0,0
763.142,29.54,60,,2070.0,0
763.451,29.64,60,,2070.0,0
763.762,29.62,60,,2100.0,0
764.075,29.61,60,,2100.0,0
764.386,29.73,60,,2100.0,0
764.698,29.68,60,,2070.0,0
765.011,29.68,60,,2070.0,0
765.325,29.69,60,,2070.0,0
765.64,29.62,60,,2070.0,0
765.951,29.64,60,,2070.0,0
766.261,29.54,60,,2070.0,0
766.587,29.59,60,,2070.0,0
766.885,29.68,60,,2100.0,0
767.197,29.59,60,,2100.0,0
767.527,29.68,60,,2100.0,0
767.852,29.53,60,,2070.0,0
768.166,29.43,60,,2070.0,0
768.48,29.39,60,,2070.0,0
768.485,29.45,60,,2070.0,0
768.794,29.5,60,,2070.0,0
769.105,29.62,60,,2070.0,0
769.43,29.69,60,,2070.0,0
769.745,29.73,60,,2100.0,0
770.058,29.69,60,,2100.0,0
770.384,29.57,60,,2100.0,0
770.696,29.5,60,,2070.0,0
771.008,29.53,60,,2070.0,0
771.321,29.52,60,,2070.0,0
771.634,29.61,60,,2070.0,0
771.943,29.61,60,,2070.0,0
772.256,29.57,60,,2070.0,0
772.568,29.57,60,,2070.0,0
772.882,29.59,60,,2100.0,0
773.191,29.53,60,,2100.0,0
773.5,29.59,60,,2100.0,0
773.813,29.62,60,,2070.0,0
774.127,29.55,60,,2070.0,0
774.44,29.55,60,,2070.0,0
774.753,29.59,60,,2070.0,0
775.069,29.55,60,,2100.0,0
775.371,29.46,60,,2100.0,0
775.687,29.64,60,,2100.0,0
776.0,29.71,60,,2070.0,0
776.311,29.47,60,,2070.0,0
776.313,29.43,60,,2070.0,0
776.623,29.54,60,,2070.0,0
776.936,29.25,60,,2070.0,0
777.25,29.47,60,,2070.0,0
777.562,29.55,60,,2070.0,0
777.875,29.43,60,,2100.0,0
778.188,29.45,60,,2100.0,0
778.501,29.98,60,,2100.0,0
778.81,30.0,60,,2070.0,0
779.122,29.94,60,,2070.0,0
779.433,29.98,60,,2070.0,0
779.758,29.64,60,,2100.0,0
780.057,29.64,60,,2100.0,0
780.37,29.64,60,,2100.0,0
780.695,29.61,60,,2100.0,0
781.005,29.54,60,,2070.0,0
781.314,29.54,60,,2070.0,0
781.627,29.68,60,,2070.0,0
781.94,29.61,60,,2070.0,0
782.253,30.36,60,,2070.0,0
782.563,30.17,60,,2070.0,0
782.875,30.13,60,,2100.0,0
783.187,30.08,60,,2100.0,0
783.499,29.43,60,,2100.0,0
783.81,29.75,60,,2100.0,0
784.123,29.66,60,,2070.0,0
784.436,29.84,60,,2070.0,0
784.747,29.64,60,,2070.0,0
784.749,29.41,60,,2100.0,0
785.06,29.45,60,,2100.0,0
785.371,29.11,60,,2100.0,0
785.697,29.27,60,,2070.0,0
786.024,29.32,60,,2070.0,0
786.335,29.31,60,,2070.0,0
786.647,29.55,60,,2070.0,0
786.959,29.52,60,,2070.0,0
787.27,29.46,60,,2070.0,0
787.579,29.52,60,,2070.0,0
787.89,29.53,60,,2100.0,0
788.206,29.62,60,,2100.0,0
788.518,29.59,60,,2100.0,0
788.83,29.64,60,,2070.0,0
789.143,29.59,60,,2070.0,0
789.454,29.64,60,,2070.0,0
789.766,29.64,60,,2070.0,0
790.076,29.64,60,,2100.0,0
790.39,29.41,60,,2100.0,0
790.7,29.34,60,,2100.0,0
791.012,29.41,60,,2070.0,0
791.324,29.34,60,,2070.0,0
791.65,29.2,60,,2070.0,0
791.958,29.41,60,,2070.0,0
792.261,29.31,60,,2070.0,0
792.586,29.39,60,,2070.0,0
792.588,29.48,60,,2100.0,0
792.888,29.48,60,,2100.0,0
793.201,29.52,60,,2100.0,0
793.514,29.46,60,,2100.0,0
793.826,29.5,60,,2070.0,0
794.138,29.45,60,,2070.0,0
794.452,29.18,60,,2070.0,0
794.763,29.29,60,,2100.0,0
795.076,29.49,60,,2100.0,0
795.391,29.5,60,,2100.0,0
795.702,29.78,60,,2070.0,0
796.014,29.75,60,,2070.0,0
796.328,29.32,60,,2070.0,0
796.639,29.31,60,,2070.0,0
796.95,29.36,60,,2070.0,0
797.262,29.29,60,,2070.0,0
797.575,29.29,60,,2070.0,0
797.899,29.39,60,,2100.0,0
798.197,29.39,60,,2100.0,0
798.512,29.54,60,,2100.0,0
798.826,29.61,60,,2070.0,0
799.14,29.52,60,,2070.0,0
799.45,29.45,60,,2070.0,0
799.763,29.27,60,,2070.0,0
800.075,29.27,60,,2100.0,0
800.39,29.24,60,,2100.0,0
800.395,29.18,60,,2100.0,0
800.7,29.43,60,,2070.0,0
801.014,29.41,60,,2070.0,0
801.325,29.43,60,,2070.0,0
801.637,29.43,60,,2100.0,0
801.951,29.34,60,,2100.0,0
802.263,29.29,60,,2100.0,0
802.574,29.36,60,,2100.0,0
802.886,29.32,60,,2070.0,0
803.199,29.43,60,,2070.0,0
803.524,29.53,60,,2070.0,0
803.837,29.45,60,,2100.0,0
804.15,29.48,60,,2100.0,0
804.447,29.45,60,,2100.0,0
804.772,29.45,60,,2070.0,0
805.083,29.57,60,,2070.0,0
805.394,29.46,60,,2070.0,0
805.706,29.39,60,,2070.0,0
806.019,29.43,60,,2070.0,0
806.334,29.48,60,,2070.0,0
806.649,29.48,60,,2070.0,0
806.962,29.29,60,,2100.0,0
807.274,29.24,60,,2100.0,0
807.586,29.15,60,,2100.0,0
807.899,29.1,60,,2070.0,0
808.21,29.36,60,,2070.0,0
808.52,29.32,60,,2070.0,0
808.522,29.38,60,,2070.0,0
808.834,29.52,60,,2130.0,0
809.145,29.52,60,,2130.0,0
809.458,29.27,60,,2130.0,0
809.77,29.27,60,,2070.0,0
810.082,29.31,60,,2070.0,0
810.392,29.36,60,,2070.0,0
810.706,29.2,60,,2100.0,0
811.017,29.36,60,,2100.0,0
811.329,29.22,60,,2100.0,0
811.639,29.29,60,,2100.0,0
811.951,29.46,60,,2070.0,0
812.263,29.32,60,,2070.0,0
812.576,29.43,60,,2070.0,0
812.887,29.59,60,,2100.0,0
813.201,29.59,60,,2100.0,0
813.512,29.73,60,,2100.0,0
813.824,29.66,60,,2070.0,0
814.135,29.43,60,,2070.0,0
814.449,29.46,60,,2070.0,0
814.764,29.43,60,,2070.0,0
815.077,29.48,60,,2070.0,0
815.392,29.41,60,,2070.0,0
815.704,29.46,60,,2070.0,0
816.015,29.84,60,,2100.0,0
816.326,29.79,60,,2100.0,0
816.639,30.03,60,,2100.0,0
816.951,30.14,60,,2070.0,0
816.953,29.68,60,,2070.0,0
817.263,29.71,60,,2070.0,0
817.572,29.57,60,,2070.0,0
817.899,29.7,60,,2100.0,0
818.201,29.66,60,,2100.0,0
818.522,29.36,60,,2100.0,0
818.837,29.49,60,,2070.0,0
819.135,29.17,60,,2070.0,0
819.449,29.24,60,,2070.0,0
819.763,29.84,60,,2070.0,0
820.079,29.85,60,,2070.0,0
820.394,29.96,60,,2070.0,0
820.709,29.94,60,,2070.0,0
821.012,30.03,60,,2100.0,0
821.337,29.89,60,,2100.0,0
821.637,29.73,60,,2100.0,0
821.951,29.77,60,,2070.0,0
822.264,29.69,60,,2070.0,0
822.579,29.68,60,,2070.0,0
822.891,29.73,60,,2100.0,0
823.204,29.68,60,,2100.0,0
823.519,29.71,60,,2100.0,0
823.833,29.59,60,,2070.0,0
824.145,29.48,60,,2070.0,0
824.461,29.61,60,,2070.0,0
824.761,29.57,60,,2070.0,0
825.075,29.66,60,,2100.0,0
825.081,29.69,60,,2100.0,0
825.39,29.73,60,,2100.0,0
825.704,29.59,60,,2070.0,0
826.018,29.57,60,,2070.0,0
826.335,29.61,60,,2070.0,0
826.635,29.71,60,,2100.0,0
826.951,29.87,60,,2100.0,0
827.267,29.66,60,,2100.0,0
827.581,29.75,60,,2100.0,0
827.893,29.64,60,,2070.0,0
828.203,29.73,60,,2070.0,0
828.514,29.85,60,,2070.0,0
828.826,29.43,60,,2070.0,0
829.137,29.47,60,,2070.0,0
829.45,29.4,60,,2070.0,0
829.763,29.32,60,,2100.0,0
830.076,29.5,60,,2100.0,0
830.389,29.62,60,,2100.0,0
830.701,29.62,60,,2100.0,0
831.012,29.62,60,,2070.0,0
831.326,29.59,60,,2070.0,0
831.638,29.71,60,,2070.0,0
831.949,29.69,60,,2100.0,0
832.274,29.76,60,,2100.0,0
832.587,29.76,60,,2100.0,0
832.897,29.78,60,,2070.0,0
833.208,29.69,60,,2070.0,0
833.211,29.73,60,,2070.0,0
833.52,29.66,60,,2070.0,0
833.831,29.62,60,,2100.0,0
834.14,29.69,60,,2100.0,0
834.451,29.62,60,,2100.0,0
834.765,29.71,60,,2070.0,0
835.08,29.69,60,,2070.0,0
835.392,29.69,60,,2070.0,0
835.706,29.66,60,,2070.0,0
836.022,29.55,60,,2070.0,0
836.336,29.61,60,,2070.0,0
836.65,29.52,60,,2070.0,0
836.947,29.52,60,,2100.0,0
837.261,29.39,60,,2100.0,0
837.575,29.43,60,,2100.0,0
837.889,29.5,60,,2070.0,0
838.204,29.5,60,,2070.0,0
838.52,29.57,60,,2070.0,0
838.835,29.53,60,,2100.0,0
839.148,29.55,60,,2100.0,0
839.447,29.5,60,,2100.0,0
839.762,29.46,60,,2100.0,0
840.074,29.48,60,,2070.0,0
840.386,29.69,60,,2070.0,0
840.699,29.85,60,,2070.0,0
841.011,29.85,60,,2100.0,0
841.326,29.78,60,,2100.0,0
841.639,29.75,60,,2100.0,0
841.641,29.64,60,,2070.0,0
841.954,29.48,60,,2070.0,0
842.269,29.59,60,,2070.0,0
842.583,29.55,60,,2070.0,0
842.9,29.45,60,,2100.0,0
843.199,29.62,60,,2100.0,0
843.517,29.71,60,,2100.0,0
843.831,29.54,60,,2070.0,0
844.143,29.52,60,,2070.0,0
844.457,29.4,60,,2070.0,0
844.77,29.11,60,,2070.0,0
845.085,29.41,60,,2070.0,0
845.395,29.64,60,,2070.0,0
845.705,29.64,60,,2070.0,0
846.015,29.87,60,,2100.0,0
846.326,29.89,60,,2100.0,0
846.638,29.8,60,,2100.0,0
846.948,29.78,60,,2070.0,0
847.264,29.69,60,,2070.0,0
847.582,29.61,60,,2070.0,0
847.896,29.62,60,,2100.0,0
848.208,29.64,60,,2100.0,0
848.52,29.68,60,,2100.0,0
848.823,29.68,60,,2100.0,0
849.142,29.8,60,,2070.0,0
849.459,29.82,60,,2070.0,0
849.463,29.85,60,,2070.0,0
849.772,29.87,60,,2100.0,0
850.086,29.8,60,,2100.0,0
850.385,29.78,60,,2100.0,0
850.699,29.64,60,,2070.0,0
851.016,29.62,60,,2070.0,0
851.33,29.66,60,,2070.0,0
851.644,29.61,60,,2100.0,0
851.958,29.71,60,,2100.0,0
852.273,29.75,60,,2100.0,0
852.588,29.71,60,,2100.0,0
852.905,29.75,60,,2070.0,0
853.221,29.68,60,,2070.0,0
853.536,29.61,60,,2070.0,0
853.852,29.66,60,,2100.0,0
854.151,29.57,60,,2100.0,0
854.467,29.61,60,,2100.0,0
854.782,29.71,60,,2070.0,0
855.096,29.62,60,,2070.0,0
855.412,29.73,60,,2070.0,0
855.725,29.71,60,,2070.0,0
856.037,29.68,60,,2100.0,0
856.352,29.69,60,,2100.0,0
856.666,29.5,60,,2100.0,0
856.979,29.45,60,,2070.0,0
857.292,29.46,60,,2070.0,0
857.295,29.46,60,,2070.0,0
857.604,29.53,60,,2100.0,0
857.917,29.59,60,,2100.0,0
858.23,29.48,60,,2100.0,0
858.541,29.46,60,,2100.0,0
858.854,29.43,60,,2070.0,0
859.169,29.38,60,,2070.0,0
859.491,29.36,60,,2070.0,0
859.804,29.48,60,,2100.0,0
860.116,29.48,60,,2100.0,0
860.431,29.52,60,,2100.0,0
860.741,29.48,60,,2070.0,0
861.056,29.48,60,,2070.0,0
861.358,29.66,60,,2070.0,0
861.674,29.61,60,,2070.0,0
861.981,29.71,60,,2100.0,0
862.295,29.64,60,,2100.0,0
862.608,29.61,60,,2100.0,0
862.92,29.64,60,,2070.0,0
863.235,29.62,60,,2070.0,0
863.548,29.66,60,,2070.0,0
863.862,29.69,60,,2100.0,0
864.177,29.73,60,,2100.0,0
864.49,29.71,60,,2100.0,0
864.804,29.77,60,,2100.0,0
865.115,29.89,60,,2070.0,0
865.117,29.73,60,,2070.0,0
865.424,29.84,60,,2070.0,0
865.735,29.75,60,,2100.0,0
866.048,29.62,60,,2100.0,0
866.359,29.57,60,,2100.0,0
866.671,29.66,60,,2070.0,0
866.982,29.69,60,,2070.0,0
867.294,29.71,60,,2070.0,0
867.605,29.76,60,,2070.0,0
867.916,29.68,60,,2100.0,0
868.244,29.64,60,,2100.0,0
868.572,29.66,60,,2100.0,0
868.871,29.69,60,,2070.0,0
869.188,29.69,60,,2070.0,0
869.502,29.69,60,,2070.0,0
869.817,29.85,60,,2100.0,0
870.129,29.54,60,,2100.0,0
870.44,29.46,60,,2100.0,0
870.752,29.48,60,,2100.0,0
871.066,29.32,60,,2070.0,0
871.38,29.45,60,,2070.0,0
871.692,29.57,60,,2070.0,0
872.002,29.57,60,,2100.0,0
872.313,29.61,60,,2100.0,0
872.628,29.66,60,,2100.0,0
872.943,29.61,60,,2070.0,0
872.945,29.69,60,,2070.0,0
873.258,29.71,60,,2070.0,0
873.556,29.71,60,,2070.0,0
873.872,29.8,60,,2100.0,0
874.187,29.8,60,,2100.0,0
874.502,29.57,60,,2100.0,0
874.818,29.59,60,,2070.0,0
875.134,29.59,60,,2070.0,0
875.433,29.66,60,,2070.0,0
875.748,29.75,60,,2100.0,0
876.062,29.89,60,,2100.0,0
876.376,29.82,60,,2100.0,0
876.691,29.76,60,,2100.0,0
877.007,29.69,60,,2070.0,0
877.324,29.64,60,,2070.0,0
877.639,29.73,60,,2070.0,0
877.954,29.71,60,,2100.0,0
878.264,29.73,60,,2100.0,0
878.585,29.66,60,,2100.0,0
878.885,29.71,60,,2070.0,0
879.2,29.71,60,,2070.0,0
879.516,29.64,60,,2070.0,0
879.833,29.78,60,,2100.0,0
880.148,29.8,60,,2100.0,0
880.449,29.69,60,,2100.0,0
880.763,29.96,60,,2100.0,0
881.079,29.89,60,,2070.0,0
881.081,29.92,60,,2070.0,0
881.394,29.94,60,,2070.0,0
881.712,29.48,60,,2100.0,0
882.011,29.38,60,,2100.0,0
882.328,29.31,60,,2100.0,0
882.645,29.25,60,,2100.0,0
882.96,29.45,60,,2100.0,0
883.275,29.5,60,,2100.0,0
883.576,29.48,60,,2100.0,0
883.893,29.48,60,,2070.0,0
884.208,29.46,60,,2070.0,0
884.525,29.46,60,,2070.0,0
884.84,29.48,60,,2100.0,0
885.153,29.52,60,,2100.0,0
885.468,29.68,60,,2100.0,0
885.785,29.61,60,,2070.0,0
886.1,29.61,60,,2070.0,0
886.416,29.61,60,,2070.0,0
886.716,29.27,60,,2070.0,0
887.031,29.25,60,,2100.0,0
887.338,29.24,60,,2100.0,0
887.656,29.2,60,,2100.0,0
887.975,29.39,60,,2070.0,0
888.291,29.31,60,,2070.0,0
888.591,29.24,60,,2070.0,0
888.904,29.34,60,,2100.0,0
888.907,29.31,60,,2100.0,0
889.218,29.31,60,,2100.0,0
889.533,29.36,60,,2100.0,0
889.844,29.24,60,,2070.0,0
890.155,29.36,60,,2070.0,0
890.467,29.38,60,,2070.0,0
890.775,29.45,60,,2100.0,0
891.09,29.52,60,,2100.0,0
891.415,29.39,60,,2100.0,0
891.727,29.36,60,,2100.0,0
892.026,29.36,60,,2100.0,0
892.342,29.24,60,,2100.0,0
892.656,29.31,60,,2100.0,0
892.97,29.32,60,,2070.0,0
893.285,29.32,60,,2070.0,0
893.599,28.72,60,,2070.0,0
893.915,28.63,60,,2100.0,0
894.216,28.58,60,,2100.0,0
894.531,28.53,60,,2100.0,0
894.846,29.23,60,,2070.0,0
895.163,29.34,60,,2070.0,0
895.463,29.38,60,,2070.0,0
895.778,29.24,60,,2070.0,0
896.091,29.22,60,,2100.0,0
896.41,29.15,60,,2100.0,0
896.726,28.95,60,,2100.0,0
896.728,29.11,60,,2070.0,0
897.028,29.15,60,,2070.0,0
897.343,29.01,60,,2070.0,0
897.658,28.99,60,,2100.0,0
897.973,29.15,60,,2100.0,0
898.288,29.13,60,,2100.0,0
898.601,29.25,60,,2100.0,0
898.902,29.24,60,,2070.0,0
899.217,29.11,60,,2070.0,0
899.532,29.08,60,,2070.0,0
899.842,29.09,60,,2100.0,0
900.158,29.13,60,,2100.0,0
900.473,29.02,60,,2100.0,0
900.784,29.04,60,,2100.0,0
901.101,29.02,60,,2100.0,0
901.403,29.04,60,,2100.0,0
901.726,29.09,60,,2100.0,0
902.038,29.09,60,,2070.0,0
902.351,29.15,60,,2070.0,0
902.655,29.09,60,,2070.0,0
902.964,29.2,60,,2100.0,0
903.275,29.17,60,,2100.0,0
903.593,28.99,60,,2100.0,0
