Tiempo,Temperatura (°C),Potencia Luz (%),Velocidad Ventilador (RPM),Potencia Ventilador (%)
0.001,21.97,0,0.0,0
0.002,22.05,0,0.0,0
0.301,22.17,0,0.0,0
0.611,22.18,0,0.0,0
0.922,22.12,0,0.0,0
1.231,22.07,0,0.0,0
1.556,22.1,0,0.0,0
1.868,22.12,0,0.0,0
2.179,22.05,0,0.0,0
2.49,22.1,0,0.0,0
2.798,22.15,0,0.0,0
3.108,22.13,0,0.0,0
3.433,22.15,0,0.0,0
3.743,22.23,0,0.0,0
4.055,22.1,0,0.0,0
4.366,22.17,0,0.0,0
4.676,22.17,0,0.0,0
4.986,22.13,0,0.0,0
5.299,22.13,0,0.0,0
5.615,22.17,0,0.0,0
5.929,22.2,0,0.0,0
6.245,22.03,0,0.0,0
6.557,21.98,0,0.0,0
6.866,21.92,0,0.0,0
7.178,21.87,0,0.0,0
7.489,21.92,0,0.0,0
7.49,22.17,0,0.0,0
7.799,22.17,0,0.0,0
8.11,22.17,0,0.0,0
8.422,22.22,0,0.0,0
8.733,22.0,0,0.0,0
9.044,22.17,0,0.0,0
9.372,22.32,0,0.0,0
9.698,22.27,0,0.0,0
10.01,22.12,0,0.0,0
10.319,22.05,0,0.0,0
10.633,22.03,0,0.0,0
10.945,22.0,0,0.0,0
11.255,22.18,0,0.0,0
11.566,22.13,0,0.0,0
11.875,22.07,0,0.0,0
12.185,22.03,0,0.0,0
12.509,21.98,0,0.0,0
12.818,22.07,0,0.0,0
13.128,22.12,0,0.0,0
13.439,22.12,0,0.0,0
13.749,22.12,0,0.0,0
14.06,22.02,0,0.0,0
14.372,21.88,0,0.0,0
14.684,21.85,0,0.0,0
15.012,21.88,0,0.0,0
15.012,21.92,0,0.0,0
15.324,22.03,0,0.0,0
15.634,22.07,0,0.0,0
15.945,22.0,0,0.0,0
16.256,21.92,0,0.0,0
16.565,21.83,0,0.0,0
16.875,21.85,0,0.0,0
17.186,21.98,0,0.0,0
17.51,21.88,0,0.0,0
17.819,21.92,0,0.0,0
18.128,21.82,0,0.0,0
18.439,21.82,0,0.0,0
18.749,21.9,0,0.0,0
19.074,21.87,0,0.0,0
19.387,21.82,0,0.0,0
19.698,21.77,0,0.0,0
20.008,21.9,0,0.0,0
20.319,21.95,0,0.0,0
20.633,22.08,0,0.0,0
20.944,22.22,0,0.0,0
21.255,22.2,0,0.0,0
21.565,22.08,0,0.0,0
21.877,22.0,0,0.0,0
22.189,21.88,0,0.0,0
22.19,21.95,0,0.0,0
22.512,21.92,0,0.0,0
22.821,21.93,0,0.0,0
23.133,21.95,0,0.0,0
23.444,21.9,0,0.0,0
23.752,21.68,0,0.0,0
24.062,21.6,0,0.0,0
24.373,21.77,0,0.0,0
24.696,21.88,0,0.0,0
25.009,22.05,0,0.0,0
25.322,22.2,0,0.0,0
25.634,22.12,0,0.0,0
25.944,22.23,0,0.0,0
26.254,22.3,0,0.0,0
26.564,22.32,0,0.0,0
26.876,22.25,0,0.0,0
27.188,22.27,0,0.0,0
27.498,22.05,0,0.0,0
27.824,21.9,0,0.0,0
28.138,21.88,0,0.0,0
28.451,21.85,0,0.0,0
28.775,21.82,0,0.0,0
29.089,21.87,0,0.0,0
29.089,22.03,0,0.0,0
29.4,21.98,0,0.0,0
29.711,22.02,0,0.0,0
30.021,22.05,0,0.0,0
30.331,22.02,0,0.0,0
30.643,22.03,0,0.0,0
30.954,21.95,0,0.0,0
31.264,21.88,0,0.0,0
31.575,21.8,0,0.0,0
31.901,21.68,0,0.0,0
32.215,21.73,0,0.0,0
32.527,21.8,0,0.0,0
32.838,21.83,0,0.0,0
33.148,21.87,0,0.0,0
33.46,21.77,0,0.0,0
33.77,21.67,0,0.0,0
34.083,21.8,0,0.0,0
34.396,21.92,0,0.0,0
34.707,22.07,0,0.0,0
35.019,22.27,0,0.0,0
35.332,22.1,0,0.0,0
35.641,22.08,0,0.0,0
35.954,22.08,0,0.0,0
36.265,21.72,0,0.0,0
36.578,21.43,0,0.0,0
36.893,21.3,0,0.0,0
36.894,21.28,0,0.0,0
37.209,21.52,0,0.0,0
37.524,21.57,0,0.0,0
37.837,21.75,0,0.0,0
38.151,21.67,0,0.0,0
38.463,21.65,0,0.0,0
38.774,21.72,0,0.0,0
39.084,21.65,0,0.0,0
39.393,21.82,0,0.0,0
39.703,21.85,0,0.0,0
40.015,21.8,0,0.0,0
40.326,21.85,0,0.0,0
40.651,21.78,0,0.0,0
40.962,21.68,0,0.0,0
41.274,21.75,0,0.0,0
41.587,21.7,0,0.0,0
41.897,21.87,0,0.0,0
42.206,21.83,0,0.0,0
42.517,21.92,0,0.0,0
42.828,21.95,0,0.0,0
43.14,21.8,0,0.0,0
43.452,21.8,0,0.0,0
43.766,21.75,0,0.0,0
44.077,21.48,0,0.0,0
44.402,21.65,0,0.0,0
44.403,21.45,0,0.0,0
44.713,21.55,0,0.0,0
45.024,21.5,0,0.0,0
45.337,21.42,0,0.0,0
45.648,21.58,0,0.0,0
45.959,21.52,0,0.0,0
46.269,21.58,0,0.0,0
46.581,21.62,0,0.0,0
46.892,21.63,0,0.0,0
47.205,21.68,0,0.0,0
47.516,21.8,0,0.0,0
47.827,21.77,0,0.0,0
48.14,21.75,0,0.0,0
48.463,21.7,0,0.0,0
48.773,21.7,0,0.0,0
49.085,21.63,0,0.0,0
49.396,21.72,0,0.0,0
49.706,21.7,0,0.0,0
50.019,21.58,0,0.0,0
50.33,21.73,0,0.0,0
50.641,21.67,0,0.0,0
50.952,21.68,0,0.0,0
51.279,21.98,0,0.0,0
51.59,21.9,0,0.0,0
51.591,21.87,0,0.0,0
51.899,21.92,0,0.0,0
52.212,21.8,0,0.0,0
52.521,21.82,0,0.0,0
52.833,21.77,0,0.0,0
53.147,21.75,0,0.0,0
53.46,21.67,0,0.0,0
53.771,21.77,0,0.0,0
54.082,21.95,0,0.0,0
54.391,21.95,0,0.0,0
54.701,21.95,0,0.0,0
55.013,21.88,0,0.0,0
55.338,21.72,0,0.0,0
55.649,21.7,0,0.0,0
55.958,21.52,0,0.0,0
56.27,21.45,0,0.0,0
56.58,21.62,0,0.0,0
56.893,21.55,0,0.0,0
57.206,21.72,0,0.0,0
57.518,21.7,0,0.0,0
57.83,21.7,0,0.0,0
58.142,21.65,0,0.0,0
58.452,21.58,0,0.0,0
58.764,21.68,0,0.0,0
59.078,21.58,0,0.0,0
59.401,21.7,0,0.0,0
59.402,21.7,0,0.0,0
59.713,21.62,0,0.0,0
60.022,21.67,0,0.0,0
60.331,21.55,0,0.0,0
60.642,21.6,0,0.0,0
60.951,21.37,0,0.0,0
61.264,21.33,0,0.0,0
61.591,21.33,0,0.0,0
61.916,21.33,0,0.0,0
62.226,21.5,0,0.0,0
62.538,21.55,0,0.0,0
62.849,21.63,0,0.0,0
63.162,21.57,0,0.0,0
63.474,21.57,0,0.0,0
63.787,21.6,0,0.0,0
64.097,21.6,0,0.0,0
64.406,21.57,0,0.0,0
64.717,21.67,0,0.0,0
65.028,21.5,0,0.0,0
65.355,21.52,0,0.0,0
65.665,21.48,0,0.0,0
65.977,21.5,0,0.0,0
66.286,21.57,0,0.0,0
66.286,21.4,0,0.0,0
66.593,21.47,0,0.0,0
66.914,21.47,0,0.0,0
67.226,21.42,0,0.0,0
67.54,21.4,0,0.0,0
67.855,21.57,0,0.0,0
68.157,21.55,0,0.0,0
68.473,21.58,0,0.0,0
68.789,21.65,0,0.0,0
69.1,21.65,0,0.0,0
69.41,21.67,0,0.0,0
69.722,21.78,0,0.0,0
70.032,21.82,0,0.0,0
70.342,21.87,0,0.0,0
70.653,21.9,0,0.0,0
70.979,21.72,0,0.0,0
71.291,21.68,0,0.0,0
71.605,21.57,0,0.0,0
71.913,21.6,0,0.0,0
72.219,21.53,0,0.0,0
72.533,21.4,73,0.0,0
72.848,21.43,74,0.0,0
73.162,21.42,76,0.0,0
73.471,21.38,78,0.0,0
73.78,21.43,80,0.0,0
74.091,21.53,80,0.0,0
74.092,21.57,80,0.0,0
74.405,21.67,80,0.0,0
74.721,21.62,80,0.0,0
75.032,21.53,80,0.0,0
75.342,21.45,80,0.0,0
75.657,21.52,80,0.0,0
75.973,21.42,80,0.0,0
76.283,21.52,80,0.0,0
76.591,21.73,80,0.0,0
76.904,21.63,80,0.0,0
77.224,21.78,80,0.0,0
77.54,21.77,80,0.0,0
77.85,21.78,80,0.0,64
78.163,21.85,80,130.8,64
78.472,21.9,80,130.8,64
78.778,21.85,80,130.8,62
79.404,21.68,80,488.4,60
79.73,21.87,80,488.4,60
80.041,21.78,80,488.4,60
80.35,21.77,80,930.0,60
80.659,21.95,80,930.0,60
80.97,21.78,80,930.0,60
81.279,21.72,80,1587.6,60
81.604,21.83,80,1587.6,60
81.914,21.73,80,1587.6,60
82.225,21.87,80,2196.0,60
82.536,21.98,80,2196.0,60
82.845,21.98,80,2196.0,60
83.158,22.0,80,2196.0,60
83.467,21.9,80,2666.4,60
83.781,21.85,80,2666.4,60
84.093,21.85,80,2666.4,60
84.094,21.7,80,2908.8,60
84.405,21.75,80,2908.8,60
84.719,21.67,80,2908.8,60
85.032,21.63,80,3066.0,60
85.356,21.68,80,3066.0,60
85.684,21.77,80,3066.0,60
85.992,21.78,80,3066.0,60
86.303,21.8,80,3006.0,60
86.616,21.65,80,3006.0,60
86.927,21.7,80,3006.0,60
87.236,21.8,80,2998.8,60
87.546,21.87,80,2998.8,60
87.858,21.92,80,2998.8,60
88.182,21.87,80,2997.6,60
88.492,21.87,80,2997.6,60
88.802,21.77,80,2997.6,60
89.118,21.68,80,2997.6,60
89.428,21.77,80,2989.2,60
89.738,21.73,80,2989.2,60
90.049,21.73,80,2989.2,60
90.36,21.85,80,2989.2,60
90.675,21.77,80,2989.2,60
90.986,21.75,80,2989.2,60
90.987,21.85,80,2986.8,60
91.298,21.87,80,2986.8,60
91.609,21.92,80,2986.8,60
91.92,21.77,80,2986.8,60
92.246,21.68,80,2982.0,60
92.557,21.55,80,2982.0,60
92.869,21.48,80,2982.0,60
93.179,21.5,80,2974.8,60
93.489,21.45,80,2974.8,60
93.799,21.48,80,2974.8,60
94.109,21.52,80,2982.0,60
94.421,21.8,80,2982.0,60
94.746,22.0,80,2982.0,60
95.058,22.12,80,2982.0,60
95.37,22.07,80,2978.4,60
95.683,22.03,80,2978.4,60
95.994,21.98,80,2978.4,60
96.306,21.98,80,2983.2,60
96.616,21.93,80,2983.2,60
96.928,21.87,80,2983.2,60
97.239,21.83,80,2982.0,60
97.549,21.88,80,2982.0,60
97.86,21.98,80,2982.0,60
98.17,21.88,80,2982.0,60
98.496,21.98,80,2990.4,60
98.496,21.8,80,2990.4,60
98.808,21.4,80,2990.4,60
99.106,21.45,80,2994.0,60
99.421,21.33,80,2994.0,60
99.736,21.5,80,2994.0,60
100.052,21.85,80,2996.4,60
100.363,21.87,80,2996.4,60
100.676,21.95,80,2996.4,60
100.985,22.0,80,2996.4,60
101.296,21.88,80,2998.8,60
101.621,21.92,80,2998.8,60
101.933,21.92,80,2998.8,60
102.244,21.85,80,3002.4,60
102.555,21.88,80,3002.4,60
102.864,21.88,80,3002.4,60
103.175,21.9,80,2996.4,60
103.484,21.92,80,2996.4,60
103.795,21.83,80,2996.4,60
104.108,21.88,80,2996.4,60
104.432,21.83,80,2988.0,60
104.743,21.77,80,2988.0,60
105.055,21.78,80,2988.0,60
105.365,21.95,80,3000.0,60
105.68,21.97,80,3000.0,60
105.997,21.95,80,3000.0,60
105.998,21.95,80,3002.4,60
106.297,21.93,80,3002.4,60
106.612,21.72,80,3002.4,60
106.926,21.73,80,3002.4,60
107.244,21.75,80,3018.0,60
107.56,21.7,80,3018.0,60
107.877,21.72,80,3018.0,60
108.193,21.72,80,3015.6,60
108.51,21.68,80,3015.6,60
108.81,21.7,80,3015.6,60
109.136,21.82,80,3021.6,60
109.448,21.9,80,3021.6,60
109.757,21.88,80,3021.6,60
110.07,21.93,80,3021.6,60
110.38,22.02,80,3013.2,60
110.693,21.92,80,3013.2,60
111.003,22.03,80,3013.2,60
111.315,22.08,80,3016.8,60
111.624,22.07,80,3016.8,60
111.95,22.2,80,3016.8,60
112.26,22.1,80,3006.0,60
112.572,22.12,80,3006.0,60
112.88,21.97,80,3006.0,60
113.191,21.87,80,3006.0,60
113.192,21.88,80,3036.0,60
113.502,21.78,80,3036.0,60
113.813,21.77,80,3036.0,60
114.127,21.8,80,3070.8,60
114.437,21.85,80,3070.8,60
114.759,21.92,80,3070.8,60
115.072,22.05,80,3122.4,60
115.381,22.12,80,3122.4,60
115.692,22.27,80,3122.4,60
116.003,22.32,80,3122.4,60
116.316,22.3,80,3153.6,60
116.624,22.22,80,3153.6,60
116.95,22.18,80,3153.6,60
117.26,21.88,80,3202.8,60
117.57,21.87,80,3202.8,60
117.881,21.93,80,3202.8,60
118.193,21.93,80,3236.4,60
118.505,22.0,80,3236.4,60
118.814,22.13,80,3236.4,60
119.128,22.12,80,3236.4,60
119.439,22.35,80,3248.4,60
119.749,22.5,80,3248.4,60
120.074,22.37,80,3248.4,60
120.385,22.35,80,3229.2,60
120.386,22.33,80,3229.2,60
120.695,22.15,80,3229.2,60
121.007,22.05,80,3244.8,60
121.32,21.95,80,3244.8,60
121.634,22.13,80,3244.8,60
121.946,22.3,80,3244.8,60
122.259,22.37,80,3244.8,60
122.568,22.63,80,3244.8,60
122.88,22.47,80,3244.8,60
123.192,22.35,80,3246.0,60
123.502,22.3,80,3246.0,60
123.817,22.23,80,3246.0,60
124.128,22.18,80,3247.2,60
124.441,22.25,80,3247.2,60
124.755,22.3,80,3247.2,60
125.065,22.25,80,3247.2,60
125.378,22.0,80,3267.6,60
125.692,21.97,80,3267.6,60
126.0,21.88,80,3267.6,60
126.318,21.88,80,3241.2,60
126.631,22.03,80,3241.2,60
126.944,22.13,80,3241.2,60
127.255,22.27,80,3213.6,60
127.565,22.23,80,3213.6,60
127.874,22.45,80,3213.6,60
128.199,22.35,80,3213.6,60
128.2,22.33,80,3169.2,60
128.511,22.3,80,3169.2,60
128.823,22.3,80,3169.2,60
129.131,22.18,80,3133.2,60
129.441,22.13,80,3133.2,60
129.75,22.22,80,3133.2,60
130.062,22.37,80,3084.0,60
130.377,22.38,80,3084.0,60
130.693,22.43,80,3084.0,60
131.007,22.42,80,3084.0,60
131.321,22.3,80,3075.6,60
131.632,22.43,80,3075.6,60
131.941,22.55,80,3075.6,60
132.25,22.69,80,3088.8,60
132.563,22.84,80,3088.8,60
132.875,22.8,80,3088.8,60
133.188,22.43,80,3100.8,60
133.498,22.58,80,3100.8,60
133.824,22.55,80,3100.8,60
134.135,22.42,80,3100.8,60
134.444,22.42,80,3116.4,60
134.756,22.32,80,3116.4,60
135.065,22.33,80,3116.4,60
135.376,22.37,80,3166.8,60
135.689,22.48,80,3166.8,60
135.689,22.47,80,3166.8,60
135.999,22.5,80,3204.0,60
136.31,22.53,80,3204.0,60
136.636,22.57,80,3204.0,60
136.948,22.63,80,3204.0,60
137.258,22.53,80,3253.2,60
137.57,22.47,80,3253.2,60
137.881,22.33,80,3253.2,60
138.19,22.42,80,3298.8,60
138.502,22.45,80,3298.8,60
138.815,22.52,80,3298.8,60
139.127,22.84,80,3368.4,60
139.436,22.79,80,3368.4,60
139.748,22.62,80,3368.4,60
140.06,22.58,80,3368.4,60
140.387,22.3,80,3402.0,60
140.699,22.4,80,3402.0,60
141.008,22.5,80,3402.0,60
141.319,22.53,80,3436.8,60
141.631,22.73,80,3436.8,60
141.943,22.73,80,3436.8,60
142.255,22.85,80,3445.2,60
142.566,22.8,80,3445.2,60
142.878,22.97,80,3445.2,60
143.188,23.12,80,3445.2,60
143.189,23.1,80,3481.2,60
143.5,23.12,80,3481.2,60
143.814,22.82,80,3481.2,60
144.125,22.62,80,3487.2,60
144.437,22.4,80,3487.2,60
144.747,22.64,80,3487.2,60
145.06,22.48,80,3496.8,60
145.372,22.62,80,3496.8,60
145.7,22.67,80,3496.8,60
146.01,22.2,80,3496.8,60
146.322,22.48,80,3504.0,60
146.632,22.42,80,3504.0,60
146.944,22.35,80,3504.0,60
147.255,22.32,80,3505.2,60
147.564,22.45,80,3505.2,60
147.873,22.58,80,3505.2,60
148.199,22.67,80,3490.8,60
148.509,22.92,80,3490.8,60
148.822,22.97,80,3490.8,60
149.134,22.77,80,3490.8,60
149.443,22.7,80,3498.0,60
149.755,22.58,80,3498.0,60
150.067,22.53,80,3498.0,60
150.378,22.62,80,3514.8,60
150.69,22.8,80,3514.8,60
150.691,22.85,80,3514.8,60
151.001,22.72,80,3534.0,60
151.31,22.75,80,3534.0,60
151.622,22.65,80,3534.0,60
151.947,22.6,80,3534.0,60
152.258,22.57,80,3543.6,60
152.568,22.4,80,3543.6,60
152.881,22.52,80,3543.6,60
153.19,22.63,80,3558.0,60
153.5,22.7,80,3558.0,60
153.809,22.95,80,3558.0,60
154.123,22.92,80,3550.8,60
154.435,23.04,80,3550.8,60
154.761,23.12,80,3550.8,60
155.072,22.97,80,3550.8,60
155.382,23.27,80,3501.6,60
155.693,23.14,80,3501.6,60
156.002,23.19,80,3501.6,60
156.311,23.1,80,3452.4,60
156.637,22.85,80,3452.4,60
156.947,22.8,80,3452.4,60
157.257,22.79,80,3454.8,60
157.571,22.82,80,3454.8,60
157.882,22.8,80,3454.8,60
158.193,22.89,80,3454.8,60
158.194,22.82,80,3458.4,60
158.506,22.75,80,3458.4,60
158.818,22.79,80,3458.4,60
159.13,22.8,80,3454.8,60
159.44,22.84,80,3454.8,60
159.751,22.95,80,3454.8,60
160.062,22.84,80,3502.8,60
160.373,22.95,80,3502.8,60
160.685,22.97,80,3502.8,60
161.008,22.77,80,3502.8,60
161.319,22.72,80,3549.6,60
161.633,22.7,80,3549.6,60
161.948,22.77,80,3549.6,60
162.262,22.92,80,3553.2,60
162.577,23.09,80,3553.2,60
162.888,23.0,80,3553.2,60
163.214,22.99,80,3558.0,60
163.522,22.97,80,3558.0,60
163.832,22.9,80,3558.0,60
164.14,23.07,80,3558.0,60
164.452,23.02,80,3579.6,60
164.765,22.77,80,3579.6,60
165.077,22.82,80,3579.6,60
165.387,22.97,80,3591.6,60
165.388,22.92,80,3591.6,60
165.7,23.2,80,3591.6,60
166.013,23.09,80,3590.4,60
166.325,22.95,80,3590.4,60
166.653,22.89,80,3590.4,60
166.978,23.0,80,3590.4,60
167.289,23.04,80,3589.2,60
167.599,22.97,80,3589.2,60
167.911,22.97,80,3589.2,60
168.221,22.92,80,3592.8,60
168.531,22.85,80,3592.8,60
168.842,22.87,80,3592.8,60
169.155,22.82,80,3585.6,60
169.466,22.58,80,3585.6,60
169.791,22.57,80,3585.6,60
170.103,22.62,80,3585.6,60
170.413,22.82,80,3576.0,60
170.724,22.97,80,3576.0,60
171.036,23.12,80,3576.0,60
171.348,23.1,80,3573.6,60
171.657,22.9,80,3573.6,60
171.968,22.99,80,3573.6,60
172.278,22.97,80,3577.2,60
172.604,22.95,80,3577.2,60
172.605,22.97,80,3577.2,60
172.914,22.97,80,3577.2,60
173.226,22.87,80,3572.4,60
173.536,22.89,80,3572.4,60
173.847,23.31,80,3572.4,60
174.158,23.11,80,3570.0,60
174.472,23.24,80,3570.0,60
174.782,23.21,80,3570.0,60
175.105,22.89,80,3574.8,60
175.417,23.09,80,3574.8,60
175.726,23.1,80,3574.8,60
176.036,23.24,80,3574.8,60
176.346,23.15,80,3573.6,60
176.659,23.29,80,3573.6,60
176.968,23.27,80,3573.6,60
177.281,23.24,80,3572.4,60
177.591,23.3,80,3572.4,60
177.912,23.25,80,3572.4,60
178.224,23.3,80,3580.8,60
178.535,23.46,80,3580.8,60
178.846,23.49,80,3580.8,60
179.155,23.31,80,3580.8,60
179.469,23.24,80,3580.8,60
179.779,23.09,80,3580.8,60
180.092,23.14,80,3580.8,60
180.093,23.14,80,3577.2,60
180.417,23.29,80,3577.2,60
180.728,23.32,80,3577.2,60
181.038,23.19,80,3585.6,60
181.351,23.29,80,3585.6,60
181.663,23.36,80,3585.6,60
181.973,23.25,80,3585.6,60
182.283,23.36,80,3584.4,60
182.596,23.34,80,3584.4,60
182.906,23.41,80,3584.4,60
183.219,23.46,80,3568.8,60
183.528,23.54,80,3568.8,60
183.841,23.44,80,3568.8,60
184.166,23.37,80,3566.4,60
184.476,23.37,80,3566.4,60
184.786,23.51,80,3566.4,60
185.098,23.62,80,3566.4,60
185.41,23.52,80,3565.2,60
185.724,23.46,80,3565.2,60
186.034,23.34,80,3565.2,60
186.344,23.52,80,3548.4,60
186.657,23.64,80,3548.4,60
186.968,23.69,80,3548.4,60
187.293,23.69,80,3540.0,60
187.294,23.74,80,3540.0,60
187.605,23.52,80,3540.0,60
187.916,23.37,80,3540.0,60
188.227,23.39,80,3544.8,60
188.538,23.22,80,3544.8,60
188.852,23.37,80,3544.8,60
189.162,23.54,80,3543.6,60
189.473,23.66,80,3543.6,60
189.783,23.67,80,3543.6,60
190.095,23.67,80,3543.6,60
190.405,23.54,80,3543.6,60
190.718,23.37,80,3543.6,60
191.032,23.29,80,3543.6,60
191.345,23.32,80,3547.2,60
191.656,23.74,80,3547.2,60
191.968,23.81,80,3547.2,60
192.279,23.83,80,3555.6,60
192.605,23.9,80,3555.6,60
192.905,23.68,80,3555.6,60
193.22,23.79,80,3560.4,60
193.537,23.83,80,3560.4,60
193.85,23.94,80,3560.4,60
194.163,23.79,80,3560.4,60
194.474,23.62,80,3570.0,60
194.785,23.54,80,3570.0,60
194.786,23.47,80,3570.0,60
195.093,23.44,80,3567.6,60
195.419,23.69,80,3567.6,60
195.746,23.78,80,3567.6,60
196.056,23.84,80,3572.4,60
196.365,23.79,80,3572.4,60
196.674,23.71,80,3572.4,60
196.985,23.71,80,3572.4,60
197.296,23.73,80,3572.4,60
197.607,23.79,80,3572.4,60
197.918,23.86,80,3572.4,60
198.245,23.98,80,3570.0,60
198.555,23.88,80,3570.0,60
198.864,23.81,80,3570.0,60
199.172,23.86,80,3570.0,60
199.483,23.73,80,3570.0,60
199.795,23.83,80,3570.0,60
200.121,23.99,80,3570.0,60
200.432,23.98,80,3573.6,60
200.741,24.1,80,3573.6,60
201.051,24.1,80,3573.6,60
201.361,24.13,80,3574.8,60
201.672,24.1,80,3574.8,60
201.983,24.01,80,3574.8,60
201.984,23.96,80,3574.8,60
202.296,23.83,80,3574.8,60
202.619,23.76,80,3574.8,60
202.93,23.64,80,3574.8,60
203.244,23.69,80,3582.0,60
203.555,23.69,80,3582.0,60
203.866,23.49,80,3582.0,60
204.174,23.62,80,3589.2,60
204.484,23.59,80,3589.2,60
204.797,23.61,80,3589.2,60
205.106,23.88,80,3592.8,60
205.434,23.78,80,3592.8,60
205.745,23.79,80,3592.8,60
206.055,23.79,80,3592.8,60
206.365,23.74,80,3597.6,60
206.676,23.83,80,3597.6,60
206.99,24.05,80,3597.6,60
207.302,24.11,80,3608.4,60
207.61,24.47,80,3608.4,60
207.92,24.47,80,3608.4,60
208.235,24.33,80,3613.2,60
208.545,24.3,80,3613.2,60
208.856,24.05,80,3613.2,60
209.184,24.11,80,3613.2,60
209.185,24.08,80,3615.6,60
209.494,24.11,80,3615.6,60
209.805,24.13,80,3615.6,60
210.116,24.08,80,3626.4,60
210.427,24.13,80,3626.4,60
210.736,24.05,80,3626.4,60
211.048,24.01,80,3639.6,60
211.358,23.99,80,3639.6,60
211.683,23.91,80,3639.6,60
211.995,23.88,80,3639.6,60
212.305,23.88,80,3643.2,60
212.617,23.83,80,3643.2,60
212.927,23.91,80,3643.2,60
213.241,24.05,80,3649.2,60
213.553,24.11,80,3649.2,60
213.865,24.11,80,3649.2,60
214.176,24.08,80,3644.4,60
214.488,23.91,80,3644.4,60
214.799,23.88,80,3644.4,60
215.111,23.89,80,3644.4,60
215.424,23.86,80,3639.6,60
215.736,23.96,80,3639.6,60
216.047,23.98,80,3639.6,60
216.358,24.06,80,3628.8,60
216.669,24.18,80,3628.8,60
216.982,24.26,80,3628.8,60
216.983,24.21,80,3626.4,60
217.307,24.15,80,3626.4,60
217.619,24.08,80,3626.4,60
217.921,23.98,80,3626.4,60
218.233,24.27,80,3619.2,60
218.557,24.3,80,3619.2,60
218.869,24.3,80,3619.2,60
219.18,24.38,80,3620.4,60
219.493,24.18,80,3620.4,60
219.802,24.25,80,3620.4,60
220.113,24.06,80,3619.2,60
220.423,24.05,80,3619.2,60
220.736,24.05,80,3619.2,60
221.048,23.84,80,3619.2,60
221.359,24.06,80,3628.8,60
221.672,24.08,80,3628.8,60
221.984,24.05,80,3628.8,60
222.296,24.06,80,3632.4,60
222.607,24.26,80,3632.4,60
222.92,24.18,80,3632.4,60
223.246,24.11,80,3621.6,60
223.556,24.08,80,3621.6,60
223.869,24.1,80,3621.6,60
224.183,24.11,80,3621.6,60
224.184,24.21,80,3603.6,60
224.498,24.33,80,3603.6,60
224.811,24.26,80,3603.6,60
225.123,24.21,80,3571.2,60
225.449,24.21,80,3571.2,60
225.759,24.21,80,3571.2,60
226.072,24.16,80,3544.8,60
226.381,24.08,80,3544.8,60
226.69,24.06,80,3544.8,60
227.002,23.96,80,3544.8,60
227.313,24.01,80,3506.4,60
227.624,24.01,80,3506.4,60
227.949,24.1,80,3506.4,60
228.259,24.27,80,3482.4,60
228.571,24.33,80,3482.4,60
228.883,24.43,80,3482.4,60
229.193,24.42,80,3469.2,60
229.503,24.25,80,3469.2,60
229.812,24.4,80,3469.2,60
230.125,24.43,80,3469.2,60
230.448,24.43,80,3481.2,60
230.759,24.47,80,3481.2,60
231.071,24.33,80,3481.2,60
231.38,24.33,80,3492.0,60
231.382,24.25,80,3492.0,60
231.695,24.05,80,3492.0,60
232.004,24.16,80,3508.8,60
232.316,24.16,80,3508.8,60
232.624,24.18,80,3508.8,60
232.949,24.13,80,3508.8,60
233.261,24.15,80,3535.2,60
233.572,24.1,80,3535.2,60
233.882,24.01,80,3535.2,60
234.194,23.89,80,3559.2,60
234.504,24.05,80,3559.2,60
234.816,24.06,80,3559.2,60
235.126,24.2,80,3568.8,60
235.436,24.42,80,3568.8,60
235.761,24.42,80,3568.8,60
236.074,24.43,80,3568.8,60
236.384,24.4,80,3566.4,60
236.694,24.52,80,3566.4,60
237.006,24.59,80,3566.4,60
237.315,24.77,80,3573.6,60
237.628,24.7,80,3573.6,60
237.939,24.42,80,3573.6,60
238.249,24.43,80,3566.4,60
238.559,24.33,80,3566.4,60
238.887,24.3,80,3566.4,60
238.888,24.38,80,3566.4,60
239.198,24.37,80,3566.4,60
239.508,24.42,80,3566.4,60
239.817,24.4,80,3566.4,60
240.127,24.38,80,3564.0,60
240.44,24.53,80,3564.0,60
240.749,24.5,80,3564.0,60
241.061,24.48,80,3548.4,60
241.386,24.67,80,3548.4,60
241.698,24.62,80,3548.4,60
242.008,24.52,80,3548.4,60
242.318,24.53,80,3525.6,60
242.628,24.43,80,3525.6,60
242.94,24.42,80,3525.6,60
243.251,24.62,80,3511.2,60
243.56,24.6,80,3511.2,60
243.887,24.57,80,3511.2,60
244.197,24.74,80,3486.0,60
244.509,24.52,80,3486.0,60
244.819,24.64,80,3486.0,60
245.129,24.74,80,3486.0,60
245.441,24.62,80,3460.8,60
245.752,24.64,80,3460.8,60
246.063,24.57,80,3460.8,60
246.374,24.59,80,3465.6,60
246.698,24.69,80,3465.6,60
246.699,24.69,80,3465.6,60
247.008,24.65,80,3462.0,60
247.321,24.65,80,3462.0,60
247.631,24.67,80,3462.0,60
247.942,24.43,80,3462.0,60
248.254,24.53,80,3451.2,60
248.564,24.43,80,3451.2,60
248.876,24.33,80,3451.2,60
249.19,24.32,80,3453.6,60
249.504,24.4,80,3453.6,60
249.815,24.4,80,3453.6,60
250.126,24.55,80,3462.0,60
250.435,24.6,80,3462.0,60
250.761,24.53,80,3462.0,60
251.073,24.6,80,3462.0,60
251.383,24.5,80,3452.4,60
251.694,24.64,80,3452.4,60
252.004,24.72,80,3452.4,60
252.315,24.62,80,3462.0,60
252.625,24.64,80,3462.0,60
252.936,24.48,80,3462.0,60
253.248,24.72,80,3482.4,60
253.574,24.77,80,3482.4,60
253.885,24.84,80,3482.4,60
253.886,24.99,80,3482.4,60
254.198,24.62,80,3495.6,60
254.509,24.69,80,3495.6,60
254.822,24.59,80,3495.6,60
255.133,24.53,80,3499.2,60
255.449,24.6,80,3499.2,60
255.75,24.62,80,3499.2,60
256.068,24.65,80,3502.8,60
256.379,24.74,80,3502.8,60
256.688,24.72,80,3502.8,60
256.999,24.84,80,3502.8,60
257.309,24.86,80,3496.8,60
257.636,24.75,80,3496.8,60
257.95,24.81,80,3496.8,60
258.275,24.81,80,3484.8,60
258.585,24.86,80,3484.8,60
258.894,24.89,80,3484.8,60
259.205,24.84,80,3462.0,60
259.514,24.86,80,3462.0,60
259.827,24.81,80,3462.0,60
260.138,24.79,80,3462.0,60
260.464,24.91,80,3448.8,60
260.774,24.84,80,3448.8,60
261.087,24.69,80,3448.8,60
261.088,24.52,80,3447.6,60
261.396,24.64,80,3447.6,60
261.706,24.72,80,3447.6,60
262.018,24.89,80,3460.8,60
262.329,24.91,80,3460.8,60
262.641,24.91,80,3460.8,60
262.952,24.75,80,3460.8,60
263.263,24.75,80,3469.2,60
263.593,24.77,80,3469.2,60
263.903,24.79,80,3469.2,60
264.229,24.77,80,3494.4,60
264.541,24.69,80,3494.4,60
264.852,24.7,80,3494.4,60
265.163,24.74,80,3482.4,60
265.473,24.82,80,3482.4,60
265.784,24.87,80,3482.4,60
266.095,24.82,80,3482.4,60
266.406,24.79,80,3459.6,60
266.718,24.79,80,3459.6,60
267.029,24.87,80,3459.6,60
267.342,24.89,80,3428.4,60
267.669,25.11,80,3428.4,60
267.979,24.98,80,3428.4,60
267.98,24.84,80,3394.8,60
268.291,24.94,80,3394.8,60
268.6,24.96,80,3394.8,60
268.913,25.3,80,3394.8,60
269.223,25.45,80,3357.6,60
269.536,25.42,80,3357.6,60
269.847,25.35,80,3357.6,60
270.157,25.4,80,3350.4,60
270.468,25.04,80,3350.4,60
270.781,25.03,80,3350.4,60
271.106,25.03,80,3345.6,60
271.417,24.84,80,3345.6,60
271.727,24.99,80,3345.6,60
272.039,25.18,80,3345.6,60
272.349,25.04,80,3348.0,60
272.659,25.14,80,3348.0,60
272.972,25.11,80,3348.0,60
273.283,25.04,80,3350.4,60
273.597,25.08,80,3350.4,60
273.908,24.96,80,3350.4,60
274.218,24.99,80,3354.0,60
274.529,25.2,80,3354.0,60
274.855,25.2,80,3354.0,60
275.167,25.28,80,3354.0,60
275.478,25.35,80,3351.6,60
275.479,25.2,80,3351.6,60
275.789,25.23,80,3351.6,60
276.099,25.14,80,3344.4,60
276.409,25.06,80,3344.4,60
276.722,25.11,80,3344.4,60
277.033,25.14,80,3339.6,60
277.346,25.03,80,3339.6,60
277.657,25.04,80,3339.6,60
277.968,24.97,80,3339.6,60
278.278,24.87,80,3331.2,60
278.603,24.99,80,3331.2,60
278.914,24.84,80,3331.2,60
279.225,24.94,80,3324.0,60
279.536,24.96,80,3324.0,60
279.849,24.84,80,3324.0,60
280.159,24.89,80,3315.6,60
280.472,24.75,80,3315.6,60
280.781,24.77,80,3315.6,60
281.095,24.65,80,3315.6,60
281.406,24.67,80,3318.0,60
281.716,24.69,80,3318.0,60
282.041,24.59,80,3318.0,60
282.35,24.52,80,3304.8,60
282.663,24.5,80,3304.8,60
282.974,24.45,80,3304.8,60
283.284,24.52,80,3304.8,60
283.284,24.64,80,3304.8,60
283.592,24.64,80,3304.8,60
283.917,24.7,80,3304.8,60
284.232,24.72,80,3303.6,60
284.547,24.6,80,3303.6,60
284.862,24.62,80,3303.6,60
285.176,24.69,80,3314.4,60
285.491,24.69,80,3314.4,60
285.806,24.69,80,3314.4,60
286.121,24.67,80,3324.0,60
286.42,24.53,80,3324.0,60
286.736,24.52,80,3324.0,60
287.052,24.42,80,3324.0,60
287.365,24.37,80,3331.2,60
287.674,24.38,80,3331.2,60
287.984,24.4,80,3331.2,60
288.296,24.59,80,3339.6,60
288.621,24.55,80,3339.6,60
288.919,24.55,80,3339.6,60
289.245,24.43,80,3334.8,60
289.555,24.57,80,3334.8,60
289.867,24.52,80,3334.8,60
290.179,24.59,80,3334.8,60
290.18,24.67,80,3333.6,60
290.492,24.6,80,3333.6,60
290.803,24.7,80,3333.6,60
291.113,24.77,80,3330.0,60
291.424,24.81,80,3330.0,60
291.736,24.79,80,3330.0,60
292.047,24.86,80,3326.4,60
292.357,24.64,80,3326.4,60
292.681,24.59,80,3326.4,60
292.992,24.47,80,3326.4,60
293.295,24.6,80,3322.8,60
293.613,24.7,80,3322.8,60
293.92,24.86,80,3322.8,60
294.233,25.04,80,3306.0,60
294.547,24.87,80,3306.0,60
294.872,24.84,80,3306.0,60
295.198,24.74,80,3310.8,60
295.507,24.77,80,3310.8,60
295.819,24.82,80,3310.8,60
296.125,24.99,80,3310.8,60
296.445,24.82,80,3314.4,60
296.755,24.59,80,3314.4,60
297.069,24.54,80,3314.4,60
297.378,24.69,80,3321.6,60
297.379,24.88,80,3321.6,60
297.688,24.94,80,3321.6,60
298.0,24.99,80,3324.0,60
298.315,24.67,80,3324.0,60
298.627,24.5,80,3324.0,60
298.938,24.79,80,3324.0,60
299.247,24.79,80,3342.0,60
299.561,24.81,80,3342.0,60
299.876,24.74,80,3342.0,60
300.187,24.77,80,3331.2,60
300.497,24.89,80,3331.2,60
300.823,24.91,80,3331.2,60
301.134,24.92,80,3327.6,60
301.447,24.92,80,3327.6,60
301.76,24.92,80,3327.6,60
302.07,24.99,80,3327.6,60
302.384,24.96,80,3338.4,60
302.698,25.06,80,3338.4,60
303.0,25.14,80,3338.4,60
303.32,25.13,80,3338.4,60
303.63,25.33,80,3338.4,60
303.937,25.28,80,3338.4,60
304.251,25.2,80,3346.8,60
304.562,25.31,80,3346.8,60
304.872,25.21,80,3346.8,60
305.189,25.18,80,3346.8,60
305.19,25.06,80,3358.8,60
305.498,24.92,80,3358.8,60
305.81,25.04,80,3358.8,60
306.136,25.01,80,3367.2,60
306.436,24.94,80,3367.2,60
306.76,25.06,80,3367.2,60
307.072,25.01,80,3373.2,60
307.385,24.94,80,3373.2,60
307.696,24.97,80,3373.2,60
308.0,25.06,80,3373.2,60
308.317,24.86,80,3378.0,60
308.629,24.99,80,3378.0,60
308.937,24.99,80,3378.0,60
309.247,25.04,80,3379.2,60
309.566,25.11,80,3379.2,60
309.873,25.09,80,3379.2,60
310.192,25.09,80,3381.6,60
310.511,24.94,80,3381.6,60
310.819,24.96,80,3381.6,60
311.133,24.92,80,3381.6,60
311.443,24.92,80,3379.2,60
311.751,24.89,80,3379.2,60
312.063,24.97,80,3379.2,60
312.376,24.99,80,3364.8,60
312.378,25.09,80,3364.8,60
312.685,25.23,80,3364.8,60
312.997,25.11,80,3362.4,60
313.323,25.16,80,3362.4,60
313.633,25.16,80,3362.4,60
313.946,25.08,80,3362.4,60
314.259,25.21,80,3362.4,60
314.572,25.2,80,3362.4,60
314.881,25.13,80,3362.4,60
315.195,25.08,80,3357.6,60
315.507,24.94,80,3357.6,60
315.821,24.86,80,3357.6,60
316.134,24.87,80,3354.0,60
316.446,25.03,80,3354.0,60
316.757,25.01,80,3354.0,60
317.067,25.03,80,3354.0,60
317.377,24.87,80,3351.6,60
317.695,24.81,80,3351.6,60
318.008,24.79,80,3351.6,60
318.325,24.89,80,3351.6,60
318.64,25.04,80,3351.6,60
318.952,25.11,80,3351.6,60
319.277,25.21,80,3355.2,60
319.278,25.13,80,3355.2,60
319.589,25.2,80,3355.2,60
319.902,25.18,80,3355.2,60
320.212,25.23,80,3355.2,60
320.523,25.28,80,3355.2,60
320.834,25.23,80,3355.2,60
321.143,25.2,80,3357.6,60
321.455,25.21,80,3357.6,60
321.766,25.43,80,3357.6,60
322.076,25.48,80,3361.2,60
322.402,25.54,80,3361.2,60
322.714,25.52,80,3361.2,60
323.026,25.45,80,3361.2,60
323.337,25.43,80,3361.2,60
323.649,25.52,80,3361.2,60
323.958,25.43,80,3361.2,60
324.269,25.42,80,3357.6,60
324.581,25.31,80,3357.6,60
324.893,25.43,80,3357.6,60
325.205,25.43,80,3358.8,60
325.516,25.55,80,3358.8,60
325.826,25.59,80,3358.8,60
326.152,25.35,80,3358.8,60
326.463,25.45,80,3356.4,60
326.771,25.21,80,3356.4,60
327.082,25.25,80,3356.4,60
327.083,25.4,80,3352.8,60
327.393,25.54,80,3352.8,60
327.704,25.52,80,3352.8,60
328.015,25.54,80,3351.6,60
328.327,25.42,80,3351.6,60
328.638,25.21,80,3351.6,60
328.966,25.4,80,3351.6,60
329.29,25.35,80,3358.8,60
329.602,25.35,80,3358.8,60
329.913,25.43,80,3358.8,60
330.224,25.26,80,3382.8,60
330.54,25.35,80,3382.8,60
330.85,25.33,80,3382.8,60
331.158,25.38,80,3409.2,60
331.469,25.43,80,3409.2,60
331.78,25.55,80,3409.2,60
332.106,25.38,80,3409.2,60
332.416,25.31,80,3439.2,60
332.727,25.43,80,3439.2,60
333.04,25.38,80,3439.2,60
333.351,25.5,80,3471.6,60
333.659,25.6,80,3471.6,60
333.97,25.55,80,3471.6,60
334.28,25.54,80,3476.4,60
334.281,25.5,80,3476.4,60
334.592,25.5,80,3476.4,60
334.917,25.57,80,3476.4,60
335.226,25.57,80,3453.6,60
335.538,25.54,80,3453.6,60
335.849,25.64,80,3453.6,60
336.161,25.55,80,3441.6,60
336.471,25.62,80,3441.6,60
336.783,25.59,80,3441.6,60
337.093,25.42,80,3411.6,60
337.404,25.37,80,3411.6,60
337.716,25.23,80,3411.6,60
338.041,25.18,80,3411.6,60
338.352,25.2,80,3378.0,60
338.663,25.26,80,3378.0,60
338.973,25.28,80,3378.0,60
339.281,25.31,80,3362.4,60
339.591,25.35,80,3362.4,60
339.917,25.31,80,3362.4,60
340.227,25.3,80,3360.0,60
340.535,25.45,80,3360.0,60
340.845,25.48,80,3360.0,60
341.159,25.59,80,3360.0,60
341.47,25.6,80,3348.0,60
341.781,25.55,80,3348.0,60
341.782,25.64,80,3348.0,60
342.093,25.62,80,3354.0,60
342.405,25.76,80,3354.0,60
342.719,25.84,80,3354.0,60
343.044,25.74,80,3405.6,60
343.357,25.74,80,3405.6,60
343.682,25.72,80,3405.6,60
343.993,25.42,80,3405.6,60
344.302,25.45,80,3436.8,60
344.612,25.4,80,3436.8,60
344.924,25.37,80,3436.8,60
345.233,25.5,80,3477.6,60
345.548,25.48,80,3477.6,60
345.861,25.48,80,3477.6,60
346.172,25.45,80,3519.6,60
346.483,25.48,80,3519.6,60
346.794,25.54,80,3519.6,60
347.12,25.6,80,3519.6,60
347.43,25.74,80,3558.0,60
347.744,25.82,80,3558.0,60
348.055,25.88,80,3558.0,60
348.368,25.88,80,3546.0,60
348.678,25.94,80,3546.0,60
348.679,25.84,80,3546.0,60
348.996,25.77,80,3553.2,60
349.297,25.93,80,3553.2,60
349.612,25.79,80,3553.2,60
349.925,25.89,80,3553.2,60
350.236,25.93,80,3547.2,60
350.548,25.84,80,3547.2,60
350.859,25.93,80,3547.2,60
351.17,25.89,80,3530.4,60
351.496,25.96,80,3530.4,60
351.806,26.08,80,3530.4,60
352.115,26.05,80,3532.8,60
352.424,26.03,80,3532.8,60
352.732,26.05,80,3532.8,60
353.057,26.03,80,3532.8,60
353.367,26.05,80,3536.4,60
353.681,26.08,80,3536.4,60
353.994,26.01,80,3536.4,60
354.304,26.05,80,3526.8,60
354.616,25.94,80,3526.8,60
354.926,25.94,80,3526.8,60
355.234,26.0,80,3537.6,60
355.545,25.94,80,3537.6,60
355.87,25.96,80,3537.6,60
356.18,25.89,80,3537.6,60
356.181,25.88,80,3542.4,60
356.49,25.84,80,3542.4,60
356.799,25.81,80,3542.4,60
357.113,25.82,80,3529.2,60
357.425,25.79,80,3529.2,60
357.734,25.77,80,3529.2,60
358.045,25.82,80,3510.0,60
358.371,25.84,80,3510.0,60
358.683,25.79,80,3510.0,60
358.994,26.05,80,3510.0,60
359.305,26.01,80,3529.2,60
359.617,26.01,80,3529.2,60
359.929,26.03,80,3529.2,60
360.238,25.93,80,3526.8,60
360.548,25.86,80,3526.8,60
360.859,25.86,80,3526.8,60
361.183,25.91,80,3537.6,60
361.493,25.93,80,3537.6,60
361.805,25.93,80,3537.6,60
362.117,25.98,80,3537.6,60
362.428,25.96,80,3553.2,60
362.738,26.03,80,3553.2,60
363.048,26.03,80,3553.2,60
363.358,26.1,80,3585.6,60
363.672,26.05,80,3585.6,60
363.673,26.0,80,3585.6,60
363.982,26.06,80,3582.0,60
364.294,26.06,80,3582.0,60
364.619,26.12,80,3582.0,60
364.93,26.2,80,3582.0,60
365.242,26.25,80,3585.6,60
365.552,26.18,80,3585.6,60
365.866,26.23,80,3585.6,60
366.178,26.22,80,3594.0,60
366.488,26.23,80,3594.0,60
366.799,26.37,80,3594.0,60
367.11,26.18,80,3591.6,60
367.419,26.27,80,3591.6,60
367.744,26.25,80,3591.6,60
368.056,26.1,80,3591.6,60
368.368,26.12,80,3584.4,60
368.679,26.0,80,3584.4,60
368.99,26.01,80,3584.4,60
369.301,26.0,80,3586.8,60
369.612,26.08,80,3586.8,60
369.925,26.1,80,3586.8,60
370.236,26.1,80,3580.8,60
370.547,26.05,80,3580.8,60
370.858,26.03,80,3580.8,60
371.184,25.91,80,3580.8,60
371.185,25.82,80,3574.8,60
371.496,25.89,80,3574.8,60
371.806,25.93,80,3574.8,60
372.114,26.06,80,3572.4,60
372.425,26.22,80,3572.4,60
372.738,26.08,80,3572.4,60
373.049,26.12,80,3570.0,60
373.362,26.08,80,3570.0,60
373.671,26.1,80,3570.0,60
373.981,26.1,80,3570.0,60
374.306,26.05,80,3562.8,60
374.619,26.05,80,3562.8,60
374.93,26.05,80,3562.8,60
375.241,26.06,80,3564.0,60
375.551,26.12,80,3564.0,60
375.861,26.08,80,3564.0,60
376.169,26.05,80,3554.4,60
376.482,26.0,80,3554.4,60
376.794,26.01,80,3554.4,60
377.119,25.96,80,3554.4,60
377.429,26.03,80,3547.2,60
377.742,26.06,80,3547.2,60
378.051,26.08,80,3547.2,60
378.363,25.98,80,3542.4,60
378.675,26.0,80,3542.4,60
378.676,25.93,80,3542.4,60
378.985,26.08,80,3536.4,60
379.296,26.34,80,3536.4,60
379.621,26.42,80,3536.4,60
379.934,26.39,80,3536.4,60
380.234,26.24,80,3535.2,60
380.55,25.96,80,3535.2,60
380.867,25.76,80,3535.2,60
381.179,25.93,80,3535.2,60
381.491,25.88,80,3535.2,60
381.801,25.93,80,3535.2,60
382.113,25.77,80,3534.0,60
382.425,25.67,80,3534.0,60
382.735,25.64,80,3534.0,60
383.046,25.42,80,3534.0,60
383.357,25.6,80,3525.6,60
383.684,25.59,80,3525.6,60
383.995,25.67,80,3525.6,60
384.305,26.0,80,3524.4,60
384.615,26.2,80,3524.4,60
384.927,26.25,80,3524.4,60
385.239,26.24,80,3522.0,60
385.547,26.27,80,3522.0,60
385.858,26.13,80,3522.0,60
386.184,26.29,80,3522.0,60
386.185,26.27,80,3519.6,60
386.509,26.3,80,3519.6,60
386.82,26.27,80,3519.6,60
387.127,26.3,80,3522.0,60
387.439,26.46,80,3522.0,60
387.749,26.32,80,3522.0,60
388.059,26.44,80,3519.6,60
388.385,26.42,80,3519.6,60
388.695,26.25,80,3519.6,60
389.012,26.29,80,3519.6,60
389.321,26.18,80,3516.0,60
389.631,26.23,80,3516.0,60
389.943,26.17,80,3516.0,60
390.253,26.17,80,3518.4,60
390.564,26.17,80,3518.4,60
390.874,26.13,80,3518.4,60
391.185,26.25,80,3516.0,60
391.512,26.12,80,3516.0,60
391.823,26.08,80,3516.0,60
392.134,26.1,80,3516.0,60
392.444,26.0,80,3516.0,60
392.754,26.05,80,3516.0,60
393.065,26.06,80,3516.0,60
393.375,25.93,80,3528.0,60
393.376,25.88,80,3528.0,60
393.686,25.91,80,3528.0,60
393.997,25.89,80,3534.0,60
394.321,26.0,80,3534.0,60
394.63,26.03,80,3534.0,60
394.94,26.1,80,3534.0,60
395.252,26.08,80,3525.6,60
395.563,26.06,80,3525.6,60
395.874,26.06,80,3525.6,60
396.199,26.03,80,3528.0,60
396.512,25.93,80,3528.0,60
396.823,25.91,80,3528.0,60
397.132,25.88,80,3522.0,60
397.444,25.84,80,3522.0,60
397.756,25.76,80,3522.0,60
398.068,25.81,80,3522.0,60
398.377,25.91,80,3520.8,60
398.689,25.91,80,3520.8,60
399.0,26.0,80,3520.8,60
399.309,26.01,80,3520.8,60
399.637,26.03,80,3520.8,60
399.964,26.15,80,3520.8,60
400.274,26.06,80,3522.0,60
400.275,26.08,80,3522.0,60
400.585,25.84,80,3522.0,60
400.894,25.74,80,3522.0,60
401.206,25.74,80,3518.4,60
401.517,25.74,80,3518.4,60
401.829,25.74,80,3518.4,60
402.143,25.74,80,3516.0,60
402.455,25.69,80,3516.0,60
402.764,25.67,80,3516.0,60
403.076,25.72,80,3495.6,60
403.391,25.74,80,3495.6,60
403.7,25.89,80,3495.6,60
404.027,25.93,80,3495.6,60
404.336,26.0,80,3466.8,60
404.648,26.0,80,3466.8,60
404.958,25.98,80,3466.8,60
405.268,26.05,80,3432.0,60
405.579,26.12,80,3432.0,60
405.889,25.91,80,3432.0,60
406.201,25.93,80,3432.0,60
406.513,25.96,80,3432.0,60
406.84,25.95,80,3432.0,60
407.152,26.23,80,3432.0,60
407.463,26.17,80,3433.2,60
407.773,26.15,80,3433.2,60
407.774,26.03,80,3433.2,60
408.083,26.05,80,3442.8,60
408.393,25.91,80,3442.8,60
408.704,25.76,80,3442.8,60
409.015,25.77,80,3465.6,60
409.327,25.81,80,3465.6,60
409.651,25.86,80,3465.6,60
409.963,25.86,80,3465.6,60
410.273,25.82,80,3501.6,60
410.582,25.76,80,3501.6,60
410.892,25.79,80,3501.6,60
411.205,25.79,80,3508.8,60
411.521,25.94,80,3508.8,60
411.836,26.0,80,3508.8,60
412.152,26.05,80,3513.6,60
412.463,26.0,80,3513.6,60
412.774,25.94,80,3513.6,60
413.084,25.89,80,3513.6,60
413.396,25.84,80,3520.8,60
413.708,25.91,80,3520.8,60
414.019,25.89,80,3520.8,60
414.331,25.88,80,3532.8,60
414.641,25.91,80,3532.8,60
414.952,25.91,80,3532.8,60
415.262,25.84,80,3535.2,60
415.59,25.86,80,3535.2,60
415.591,25.86,80,3535.2,60
415.888,26.0,80,3535.2,60
416.215,26.13,80,3535.2,60
416.513,26.1,80,3535.2,60
416.84,26.17,80,3535.2,60
417.152,26.17,80,3543.6,60
417.461,26.17,80,3543.6,60
417.773,26.34,80,3543.6,60
418.082,26.37,80,3541.2,60
418.392,26.3,80,3541.2,60
418.704,26.44,80,3541.2,60
419.014,26.3,80,3541.2,60
419.325,26.3,80,3535.2,60
419.65,26.37,80,3535.2,60
419.961,26.37,80,3535.2,60
420.274,26.41,80,3535.2,60
420.586,26.44,80,3535.2,60
420.896,26.44,80,3535.2,60
421.208,26.39,80,3530.4,60
421.519,26.37,80,3530.4,60
421.834,26.41,80,3530.4,60
422.145,26.37,80,3530.4,60
422.455,26.25,80,3513.6,60
422.765,26.22,80,3513.6,60
423.079,26.34,80,3513.6,60
423.08,26.29,80,3508.8,60
423.39,26.54,80,3508.8,60
423.7,26.58,80,3508.8,60
424.027,26.42,80,3506.4,60
424.34,26.41,80,3506.4,60
424.648,26.35,80,3506.4,60
424.961,26.47,80,3506.4,60
425.271,26.58,80,3498.0,60
425.582,26.63,80,3498.0,60
425.891,26.59,80,3498.0,60
426.2,26.65,80,3495.6,60
426.513,26.46,80,3495.6,60
426.84,26.41,80,3495.6,60
427.15,26.37,80,3502.8,60
427.458,26.27,80,3502.8,60
427.769,26.23,80,3502.8,60
428.079,26.18,80,3502.8,60
428.389,26.18,80,3504.0,60
428.7,26.13,80,3504.0,60
429.024,26.08,80,3504.0,60
429.334,26.11,80,3502.8,60
429.645,26.08,80,3502.8,60
429.958,26.0,80,3502.8,60
430.267,25.96,80,3512.4,60
430.268,26.06,80,3512.4,60
430.578,26.13,80,3512.4,60
430.892,26.27,80,3512.4,60
431.201,26.27,80,3514.8,60
431.525,26.2,80,3514.8,60
431.837,26.18,80,3514.8,60
432.147,26.12,80,3508.8,60
432.456,26.22,80,3508.8,60
432.766,26.29,80,3508.8,60
433.076,26.3,80,3508.8,60
433.403,26.34,80,3508.8,60
433.729,26.37,80,3508.8,60
434.038,26.22,80,3508.8,60
434.348,26.22,80,3506.4,60
434.66,26.27,80,3506.4,60
434.971,26.34,80,3506.4,60
435.28,26.32,80,3501.6,60
435.606,26.41,80,3501.6,60
435.931,26.47,80,3501.6,60
436.244,26.44,80,3498.0,60
436.554,26.46,80,3498.0,60
436.866,26.53,80,3498.0,60
437.177,26.37,80,3498.0,60
437.178,26.32,80,3499.2,60
437.489,26.29,80,3499.2,60
437.798,26.3,80,3499.2,60
438.109,26.06,80,3498.0,60
438.423,26.18,80,3498.0,60
438.736,26.13,80,3498.0,60
439.046,26.13,80,3502.8,60
439.358,26.15,80,3502.8,60
439.669,26.01,80,3502.8,60
439.995,26.08,80,3502.8,60
440.306,26.01,80,3501.6,60
440.618,26.13,80,3501.6,60
440.93,26.15,80,3501.6,60
441.241,26.1,80,3507.6,60
441.552,26.13,80,3507.6,60
441.86,26.15,80,3507.6,60
442.172,26.2,80,3508.8,60
442.486,26.23,80,3508.8,60
442.802,26.22,80,3508.8,60
443.118,26.17,80,3508.8,60
443.432,26.1,80,3511.2,60
443.744,25.91,80,3511.2,60
444.053,25.96,80,3511.2,60
444.361,25.89,80,3513.6,60
444.683,25.91,80,3513.6,60
444.684,26.05,80,3513.6,60
444.996,25.98,80,3516.0,60
445.308,26.0,80,3516.0,60
445.62,25.96,80,3516.0,60
445.93,25.91,80,3516.0,60
446.24,25.88,80,3508.8,60
446.553,25.94,80,3508.8,60
446.863,25.84,80,3508.8,60
447.173,25.81,80,3507.6,60
447.485,25.72,80,3507.6,60
447.796,25.64,80,3507.6,60
448.108,25.93,80,3504.0,60
448.419,25.95,80,3504.0,60
448.745,25.91,80,3504.0,60
449.057,26.12,80,3504.0,60
449.371,26.0,80,3492.0,60
449.669,25.94,80,3492.0,60
449.993,26.2,80,3492.0,60
450.302,26.13,80,3494.4,60
450.615,26.18,80,3494.4,60
450.925,26.36,80,3494.4,60
451.236,26.13,80,3498.0,60
451.547,26.25,80,3498.0,60
451.858,26.22,80,3498.0,60
452.184,26.2,80,3498.0,60
452.186,26.23,80,3505.2,60
452.51,26.29,80,3505.2,60
452.821,26.27,80,3505.2,60
453.134,26.34,80,3505.2,60
453.446,26.51,80,3505.2,60
453.755,26.53,80,3505.2,60
454.064,26.61,80,3499.2,60
454.376,26.53,80,3499.2,60
454.685,26.53,80,3499.2,60
455.01,26.41,80,3499.2,60
455.322,26.41,80,3492.0,60
455.633,26.44,80,3492.0,60
455.943,26.41,80,3492.0,60
456.255,26.44,80,3486.0,60
456.566,26.41,80,3486.0,60
456.876,26.34,80,3486.0,60
457.187,26.47,80,3464.4,60
457.499,26.51,80,3464.4,60
457.825,26.53,80,3464.4,60
458.151,26.51,80,3464.4,60
458.46,26.37,80,3470.4,60
458.772,26.17,80,3470.4,60
458.773,26.17,80,3470.4,60
459.084,26.25,80,3486.0,60
459.394,26.53,80,3486.0,60
459.705,26.6,80,3486.0,60
460.027,26.41,80,3489.6,60
460.338,26.36,80,3489.6,60
460.651,26.37,80,3489.6,60
460.962,26.39,80,3489.6,60
461.272,26.48,80,3500.4,60
461.583,26.46,80,3500.4,60
461.893,26.22,80,3500.4,60
462.203,26.2,80,3530.4,60
462.515,26.42,80,3530.4,60
462.826,26.46,80,3530.4,60
463.138,26.63,80,3528.0,60
463.45,26.66,80,3528.0,60
463.773,26.66,80,3528.0,60
464.084,26.77,80,3528.0,60
464.396,26.68,80,3531.6,60
464.706,26.66,80,3531.6,60
465.017,26.75,80,3531.6,60
465.331,26.9,80,3537.6,60
465.643,27.06,80,3537.6,60
465.955,27.15,80,3537.6,60
466.265,27.16,80,3540.0,60
466.577,26.94,80,3540.0,60
466.578,26.66,80,3540.0,60
466.888,26.71,80,3540.0,60
467.213,26.51,80,3529.2,60
467.525,26.51,80,3529.2,60
467.836,26.63,80,3529.2,60
468.15,26.6,80,3532.8,60
468.46,26.72,80,3532.8,60
468.772,26.78,80,3532.8,60
469.082,26.7,80,3534.0,60
469.393,26.8,80,3534.0,60
469.704,26.87,80,3534.0,60
470.016,26.84,80,3534.0,60
470.34,26.84,80,3526.8,60
470.65,26.66,80,3526.8,60
470.96,26.7,80,3526.8,60
471.271,26.77,80,3523.2,60
471.582,26.84,80,3523.2,60
471.889,26.9,80,3523.2,60
472.2,26.92,80,3523.2,60
472.527,26.97,80,3523.2,60
472.836,26.97,80,3523.2,60
473.148,26.82,80,3523.2,60
473.46,26.89,80,3525.6,60
473.776,26.87,80,3525.6,60
473.777,26.89,80,3525.6,60
474.076,26.87,80,3524.4,60
474.391,27.16,80,3524.4,60
474.703,27.18,80,3524.4,60
475.017,27.09,80,3531.6,60
475.326,27.21,80,3531.6,60
475.652,27.11,80,3531.6,60
475.964,27.21,80,3531.6,60
476.275,27.28,80,3540.0,60
476.586,27.18,80,3540.0,60
476.896,27.13,80,3540.0,60
477.205,27.04,80,3542.4,60
477.515,26.9,80,3542.4,60
477.827,26.89,80,3542.4,60
478.152,26.85,80,3541.2,60
478.462,26.89,80,3541.2,60
478.773,26.63,80,3541.2,60
479.085,26.49,80,3541.2,60
479.395,26.49,80,3538.8,60
479.704,26.49,80,3538.8,60
480.014,26.58,80,3538.8,60
480.326,26.59,80,3531.6,60
480.638,26.54,80,3531.6,60
480.951,26.47,80,3531.6,60
481.274,26.37,80,3524.4,60
481.275,26.39,80,3524.4,60
481.585,26.27,80,3524.4,60
481.896,26.23,80,3524.4,60
482.208,26.25,80,3523.2,60
482.52,26.23,80,3523.2,60
482.83,26.37,80,3523.2,60
483.141,26.47,80,3519.6,60
483.451,26.54,80,3519.6,60
483.775,26.58,80,3519.6,60
484.085,26.63,80,3519.6,60
484.397,26.78,80,3519.6,60
484.708,26.75,80,3519.6,60
485.02,26.85,80,3519.6,60
485.332,26.85,80,3524.4,60
485.641,26.63,80,3524.4,60
485.951,26.61,80,3524.4,60
486.263,26.68,80,3526.8,60
486.589,26.63,80,3526.8,60
486.898,26.54,80,3526.8,60
487.209,26.53,80,3598.8,60
487.522,26.18,80,3598.8,60
487.832,26.2,80,3598.8,60
488.14,26.32,80,3598.8,60
488.465,26.34,80,3601.2,60
488.466,26.49,80,3601.2,60
488.774,26.59,80,3601.2,60
489.083,26.54,80,3606.0,60
489.393,26.42,80,3606.0,60
489.705,26.41,80,3606.0,60
490.014,26.37,80,3602.4,60
490.34,26.37,80,3602.4,60
490.65,26.41,80,3602.4,60
490.962,26.41,80,3602.4,60
491.273,26.37,80,3597.6,60
491.586,26.32,80,3597.6,60
491.899,26.24,80,3597.6,60
492.211,26.1,80,3520.8,60
492.522,25.96,80,3520.8,60
492.834,26.18,80,3520.8,60
493.145,26.29,80,3513.6,60
493.458,26.51,80,3513.6,60
493.77,26.6,80,3513.6,60
494.082,26.44,80,3513.6,60
494.393,26.58,80,3495.6,60
494.705,26.59,80,3495.6,60
495.014,26.58,80,3495.6,60
495.325,26.61,80,3493.2,60
495.65,26.47,80,3493.2,60
495.96,26.53,80,3493.2,60
496.272,26.53,80,3493.2,60
496.273,26.56,80,3493.2,60
496.583,26.51,80,3493.2,60
496.891,26.49,80,3493.2,60
497.215,26.63,80,3488.4,60
497.527,26.51,80,3488.4,60
497.838,26.56,80,3488.4,60
498.151,26.56,80,3475.2,60
498.463,26.32,80,3475.2,60
498.774,26.51,80,3475.2,60
499.086,26.37,80,3468.0,60
499.397,26.32,80,3468.0,60
499.706,26.34,80,3468.0,60
500.017,26.15,80,3468.0,60
500.328,26.18,80,3459.6,60
500.641,26.2,80,3459.6,60
500.953,26.27,80,3459.6,60
501.266,26.34,80,3459.6,60
501.577,26.56,80,3459.6,60
501.889,26.61,80,3459.6,60
502.215,26.71,80,3462.0,60
502.527,26.59,80,3462.0,60
502.838,26.54,80,3462.0,60
503.148,26.59,80,3462.0,60
503.462,26.46,80,3483.6,60
503.771,26.53,80,3483.6,60
503.772,26.49,80,3483.6,60
504.082,26.46,80,3511.2,60
504.392,26.44,80,3511.2,60
504.705,26.47,80,3511.2,60
505.022,26.56,80,3523.2,60
505.339,26.63,80,3523.2,60
505.639,26.58,80,3523.2,60
505.954,26.65,80,3523.2,60
506.264,26.59,80,3528.0,60
506.59,26.47,80,3528.0,60
506.9,26.51,80,3528.0,60
507.212,26.46,80,3534.0,60
507.52,26.39,80,3534.0,60
507.831,26.37,80,3534.0,60
508.141,26.34,80,3529.2,60
508.453,26.35,80,3529.2,60
508.764,26.35,80,3529.2,60
509.076,26.42,80,3529.2,60
509.402,26.37,80,3518.4,60
509.713,26.37,80,3518.4,60
510.025,26.42,80,3518.4,60
510.339,26.39,80,3516.0,60
510.649,26.41,80,3516.0,60
510.96,26.35,80,3516.0,60
511.274,26.29,80,3511.2,60
511.275,26.51,80,3511.2,60
511.583,26.53,80,3511.2,60
511.896,26.65,80,3511.2,60
512.206,26.63,80,3514.8,60
512.519,26.49,80,3514.8,60
512.83,26.68,80,3514.8,60
513.14,26.66,80,3517.2,60
513.452,26.82,80,3517.2,60
513.763,26.78,80,3517.2,60
514.09,26.77,80,3518.4,60
514.401,26.73,80,3518.4,60
514.712,26.59,80,3518.4,60
515.024,26.53,80,3518.4,60
515.334,26.37,80,3523.2,60
515.646,26.35,80,3523.2,60
515.957,26.39,80,3523.2,60
516.267,26.39,80,3523.2,60
516.579,26.42,80,3523.2,60
516.889,26.46,80,3523.2,60
517.2,26.39,80,3525.6,60
517.528,26.32,80,3525.6,60
517.844,26.22,80,3525.6,60
518.157,26.1,80,3525.6,60
518.469,26.06,80,3525.6,60
518.471,26.17,80,3525.6,60
518.783,26.15,80,3525.6,60
519.097,26.22,80,3530.4,60
519.412,26.29,80,3530.4,60
519.723,26.15,80,3530.4,60
520.033,26.1,80,3528.0,60
520.343,26.06,80,3528.0,60
520.668,26.1,80,3528.0,60
520.98,26.08,80,3528.0,60
521.289,26.03,80,3531.6,60
521.598,26.17,80,3531.6,60
521.908,26.05,80,3531.6,60
522.218,26.15,80,3531.6,60
522.529,26.49,80,3531.6,60
522.842,26.32,80,3531.6,60
523.156,26.35,80,3534.0,60
523.479,26.18,80,3534.0,60
523.792,26.58,80,3534.0,60
524.102,26.62,80,3534.0,60
524.413,26.6,80,3537.6,60
524.727,26.77,80,3537.6,60
525.037,26.34,80,3537.6,60
525.347,26.3,80,3540.0,60
525.658,26.18,80,3540.0,60
525.971,26.13,80,3540.0,60
525.972,26.15,80,3540.0,60
526.283,26.18,80,3540.0,60
526.596,26.25,80,3540.0,60
526.908,26.29,80,3540.0,60
527.219,26.3,80,3537.6,60
527.531,26.29,80,3537.6,60
527.843,26.23,80,3537.6,60
528.153,26.22,80,3529.2,60
528.466,26.13,80,3529.2,60
528.792,26.12,80,3529.2,60
529.101,26.17,80,3524.4,60
529.411,26.18,80,3524.4,60
529.725,26.15,80,3524.4,60
530.036,26.39,80,3524.4,60
530.346,26.34,80,3524.4,60
530.659,26.27,80,3524.4,60
530.97,26.37,80,3524.4,60
531.282,26.3,80,3519.6,60
531.605,26.23,80,3519.6,60
531.917,26.49,80,3519.6,60
532.229,26.56,80,3513.6,60
532.541,26.58,80,3513.6,60
532.853,26.65,80,3513.6,60
533.164,26.34,80,3513.6,60
533.165,26.23,80,3517.2,60
533.477,26.35,80,3517.2,60
533.789,26.35,80,3517.2,60
534.101,26.41,80,3514.8,60
534.413,26.65,80,3514.8,60
534.724,26.68,80,3514.8,60
535.034,26.71,80,3514.8,60
535.342,26.84,80,3514.8,60
535.668,26.84,80,3514.8,60
535.981,26.59,80,3514.8,60
536.282,26.63,80,3513.6,60
536.598,26.49,80,3513.6,60
536.914,26.51,80,3513.6,60
537.226,26.58,80,3498.0,60
537.537,26.58,80,3498.0,60
537.847,26.59,80,3498.0,60
538.155,26.51,80,3478.8,60
538.481,26.41,80,3478.8,60
538.791,26.39,80,3478.8,60
539.101,26.49,80,3478.8,60
539.412,26.58,80,3481.2,60
539.725,26.41,80,3481.2,60
540.036,26.46,80,3481.2,60
540.346,26.34,80,3482.4,60
540.656,26.46,80,3482.4,60
540.966,26.66,80,3482.4,60
540.967,26.68,80,3486.0,60
541.294,26.75,80,3486.0,60
541.603,26.72,80,3486.0,60
541.914,26.82,80,3486.0,60
542.224,26.7,80,3518.4,60
542.535,26.63,80,3518.4,60
542.845,26.58,80,3518.4,60
543.157,26.7,80,3547.2,60
543.466,26.42,80,3547.2,60
543.794,26.44,80,3547.2,60
544.121,26.41,80,3550.8,60
544.435,26.25,80,3550.8,60
544.76,26.23,80,3550.8,60
545.071,26.34,80,3550.8,60
545.383,26.32,80,3543.6,60
545.693,26.27,80,3543.6,60
546.004,26.32,80,3543.6,60
546.316,26.0,80,3548.4,60
546.627,26.1,80,3548.4,60
546.941,26.22,80,3548.4,60
547.25,26.3,80,3541.2,60
547.559,26.54,80,3541.2,60
547.884,26.78,80,3541.2,60
547.885,26.89,80,3541.2,60
548.196,26.78,80,3543.6,60
548.507,26.97,80,3543.6,60
548.821,26.82,80,3543.6,60
549.134,26.78,80,3546.0,60
549.447,26.7,80,3546.0,60
549.757,26.51,80,3546.0,60
550.067,26.41,80,3555.6,60
550.379,26.22,80,3555.6,60
550.69,26.29,80,3555.6,60
551.005,26.39,80,3555.6,60
551.314,26.44,80,3556.8,60
551.625,26.58,80,3556.8,60
551.936,26.53,80,3556.8,60
552.261,26.53,80,3550.8,60
552.57,26.56,80,3550.8,60
552.881,26.58,80,3550.8,60
553.194,26.7,80,3548.4,60
553.504,26.71,80,3548.4,60
553.815,26.56,80,3548.4,60
554.123,26.65,80,3548.4,60
554.448,26.48,80,3543.6,60
554.76,26.46,80,3543.6,60
555.072,26.53,80,3543.6,60
555.072,26.47,80,3549.6,60
555.382,26.44,80,3549.6,60
555.693,26.37,80,3549.6,60
556.002,26.47,80,3553.2,60
556.315,26.42,80,3553.2,60
556.624,26.44,80,3553.2,60
556.937,26.46,80,3553.2,60
557.247,26.42,80,3562.8,60
557.573,26.49,80,3562.8,60
557.886,26.46,80,3562.8,60
558.199,26.46,80,3564.0,60
558.512,26.49,80,3564.0,60
558.822,26.39,80,3564.0,60
559.136,26.3,80,3568.8,60
559.447,26.32,80,3568.8,60
559.761,26.41,80,3568.8,60
560.073,26.66,80,3568.8,60
560.383,26.87,80,3562.8,60
560.693,26.89,80,3562.8,60
561.0,26.8,80,3562.8,60
561.311,26.77,80,3555.6,60
561.637,26.65,80,3555.6,60
561.948,26.63,80,3555.6,60
562.261,26.73,80,3555.6,60
562.57,26.75,80,3555.6,60
562.571,26.75,80,3555.6,60
562.881,26.84,80,3555.6,60
563.192,26.68,80,3554.4,60
563.504,26.85,80,3554.4,60
563.817,26.9,80,3554.4,60
564.13,26.9,80,3555.6,60
564.446,26.78,80,3555.6,60
564.757,26.65,80,3555.6,60
565.071,26.75,80,3559.2,60
565.384,26.73,80,3559.2,60
565.696,26.78,80,3559.2,60
566.007,26.9,80,3559.2,60
566.319,26.73,80,3558.0,60
566.631,26.99,80,3558.0,60
566.942,26.94,80,3558.0,60
567.254,26.89,80,3559.2,60
567.568,26.7,80,3559.2,60
567.881,26.54,80,3559.2,60
568.196,26.61,80,3596.4,60
568.507,26.61,80,3596.4,60
568.82,26.78,80,3596.4,60
569.133,26.73,80,3596.4,60
569.445,26.63,80,3597.6,60
569.755,26.58,80,3597.6,60
570.066,26.65,80,3597.6,60
570.067,26.53,80,3607.2,60
570.377,26.61,80,3607.2,60
570.687,26.56,80,3607.2,60
571.011,26.51,80,3609.6,60
571.322,26.66,80,3609.6,60
571.634,26.73,80,3609.6,60
571.943,26.68,80,3609.6,60
572.254,26.68,80,3606.0,60
572.567,26.77,80,3606.0,60
572.878,26.78,80,3606.0,60
573.193,26.8,80,3566.4,60
573.502,27.04,80,3566.4,60
573.812,27.02,80,3566.4,60
574.123,27.01,80,3560.4,60
574.434,27.13,80,3560.4,60
574.76,27.01,80,3560.4,60
575.073,27.02,80,3560.4,60
575.383,26.99,80,3549.6,60
575.695,27.01,80,3549.6,60
576.005,27.09,80,3549.6,60
576.318,27.04,80,3555.6,60
576.628,27.39,80,3555.6,60
576.939,27.39,80,3555.6,60
577.25,27.27,80,3553.2,60
577.562,27.32,80,3553.2,60
577.563,27.23,80,3553.2,60
577.872,26.92,80,3553.2,60
578.198,27.04,80,3560.4,60
578.51,26.9,80,3560.4,60
578.822,26.7,80,3560.4,60
579.133,26.66,80,3559.2,60
579.445,26.59,80,3559.2,60
579.755,26.65,80,3559.2,60
580.066,26.75,80,3556.8,60
580.377,26.82,80,3556.8,60
580.689,26.8,80,3556.8,60
581.001,26.78,80,3556.8,60
581.309,26.89,80,3554.4,60
581.633,26.75,80,3554.4,60
581.945,26.72,80,3554.4,60
582.258,26.8,80,3559.2,60
582.569,26.85,80,3559.2,60
582.877,26.82,80,3559.2,60
583.191,26.84,80,3555.6,60
583.503,26.7,80,3555.6,60
583.813,26.78,80,3555.6,60
584.124,26.72,80,3555.6,60
584.437,26.65,80,3564.0,60
584.747,26.63,80,3564.0,60
585.073,26.44,80,3564.0,60
585.074,26.65,80,3565.2,60
585.384,26.77,80,3565.2,60
585.693,26.75,80,3565.2,60
586.006,26.72,80,3568.8,60
586.317,26.44,80,3568.8,60
586.625,26.56,80,3568.8,60
586.936,26.54,80,3568.8,60
587.25,26.54,80,3567.6,60
587.562,26.54,80,3567.6,60
587.874,26.49,80,3567.6,60
588.199,26.53,80,3564.0,60
588.509,26.46,80,3564.0,60
588.819,26.51,80,3564.0,60
589.131,26.58,80,3561.6,60
589.444,26.54,80,3561.6,60
589.754,26.66,80,3561.6,60
590.067,26.65,80,3561.6,60
590.376,26.53,80,3562.8,60
590.701,26.46,80,3562.8,60
591.029,26.32,80,3562.8,60
591.342,26.34,80,3558.0,60
591.668,26.41,80,3558.0,60
591.669,26.51,80,3558.0,60
591.978,26.54,80,3556.8,60
592.291,26.61,80,3556.8,60
592.601,26.66,80,3556.8,60
592.912,26.65,80,3556.8,60
593.223,26.7,80,3556.8,60
593.535,26.59,80,3556.8,60
593.847,26.53,80,3556.8,60
594.157,26.58,80,3558.0,60
594.468,26.56,80,3558.0,60
594.781,26.63,80,3558.0,60
595.093,26.53,80,3555.6,60
595.404,26.47,80,3555.6,60
595.73,26.46,80,3555.6,60
596.041,26.47,80,3555.6,60
596.351,26.72,80,3553.2,60
596.664,26.78,80,3553.2,60
596.974,26.84,80,3553.2,60
597.287,26.65,80,3554.4,60
597.597,26.56,80,3554.4,60
597.909,26.61,80,3554.4,60
598.219,26.63,80,3554.4,60
598.531,26.71,80,3554.4,60
598.846,26.71,80,3554.4,60
599.16,26.51,80,3554.4,60
599.161,26.53,80,3548.4,60
599.475,26.56,80,3548.4,60
599.79,26.22,80,3548.4,60
600.106,26.41,80,3552.0,60
600.405,26.29,80,3552.0,60
600.722,26.34,80,3552.0,60
601.034,26.73,80,3558.0,60
601.346,26.71,80,3558.0,60
601.655,26.8,80,3558.0,60
601.967,26.87,80,3558.0,60
602.293,26.82,80,3559.2,60
602.605,26.75,80,3559.2,60
602.915,26.66,80,3559.2,60
603.221,26.77,80,3556.8,60
603.532,26.82,80,3556.8,60
603.843,26.9,80,3556.8,60
604.153,26.92,80,3555.6,60
604.48,26.84,80,3555.6,60
604.789,26.8,80,3555.6,60
605.099,26.66,80,3555.6,60
605.412,26.59,80,3552.0,60
605.723,26.59,80,3552.0,60
606.034,26.54,80,3552.0,60
606.345,26.54,80,3544.8,60
606.655,26.65,80,3544.8,60
606.981,26.58,80,3544.8,60
606.982,26.68,80,3536.4,60
607.307,26.72,80,3536.4,60
607.617,26.68,80,3536.4,60
607.926,26.66,80,3536.4,60
608.236,26.7,80,3542.4,60
608.545,26.6,80,3542.4,60
608.87,26.63,80,3542.4,60
609.18,26.7,80,3542.4,60
609.492,27.02,80,3542.4,60
609.801,27.18,80,3542.4,60
610.112,27.13,80,3536.4,60
610.423,27.18,80,3536.4,60
610.734,27.13,80,3536.4,60
611.044,26.92,80,3536.4,60
611.356,26.87,80,3529.2,60
611.681,26.85,80,3529.2,60
